гипертоническая болезнь, боль в груди, 3363,0
гипертоническая болезнь, одышка, 3363,0
гипертоническая болезнь, головокружение, 3363,0
гипертоническая болезнь, астения, 3363,0
гипертоническая болезнь, осень, 3363,0
гипертоническая болезнь, обморок, 3363.0
гипертоническая болезнь, головокружение, 3363,0
гипертоническая болезнь, пот, 3363,0
гипертоническая болезнь, повышенное потоотделение, 3363,0
гипертоническая болезнь, сердцебиение, 3363,0
гипертоническая болезнь, тошнота, 3363,0
гипертоническая болезнь, стенокардия, 3363,0
гипертоническая болезнь, сдавливание грудной клетки, 3363,0
сахарный диабет, полиурия, 1421,0
сахарный диабет, полидипсия, 1421,0
сахарный диабет, одышка, 1421,0
диабет, боль в груди, 1421,0
сахарный диабет, астения, 1421,0
диабет, тошнота, 1421,0
сахарный диабет, ортопноэ, 1421,0
сахарный диабет, хрипы, 1421.0
сахарный диабет, пот, 1421,0
сахарный диабет, повышенное потоотделение, 1421,0
диабет, невосприимчивость, 1421,0
сахарный диабет, изменения психического статуса, 1421,0
сахарный диабет, головокружение, 1421,0
сахарный диабет, рвота, 1421,0
сахарный диабет, затрудненное дыхание, 1421,0
депрессия психическая, суицидальное чувство, 1337,0
депрессия психическая, суицидальная, 1337,0
депрессия психическая, слуховые галлюцинации, 1337,0
депрессия психическая, чувство безнадежности, 1337,0
депрессия психическая, плаксивость, 1337,0
депрессия психическая, бессонница, 1337,0
депрессия, умственная, двигательная отсталость, 1337,0
депрессия психическая, раздражительное настроение, 1337,0
депрессия психическая, затемнение, 1337,0
депрессия психическая, депрессивное настроение, 1337,0
депрессия психическая, галлюцинации зрительные, 1337,0
депрессия психическая, беспокойство, 1337,0
депрессия, психическое возбуждение, 1337,0
депрессия психическая, тремор, 1337,0
депрессия психическая, интоксикация, 1337,0
депрессия психические, вербальные слуховые галлюцинации, 1337,0
депрессия психическая, повышенная энергия, 1337,0
депрессия психическая, затрудненная, 1337,0
депрессия психическая, кошмар, 1337.0
депрессия психическая, не может сосредоточиться, 1337,0
депрессия психическая, бездомность, 1337,0
депрессивное расстройство, суицидальное чувство, 1337,0
депрессивное расстройство, суицидальное состояние, 1337,0
депрессивное расстройство, слуховые галлюцинации, 1337,0
депрессивное расстройство, чувство безнадежности, 1337,0
депрессивное расстройство, сонливость, 1337,0
депрессивное расстройство, бессонница, 1337,0
депрессивное расстройство, задержка моторики, 1337,0
депрессивное расстройство, раздражительное настроение, 1337,0
депрессивное расстройство, затемнение, 1337,0
депрессивное расстройство, депрессивное настроение, 1337,0
депрессивное расстройство, зрительные галлюцинации, 1337,0
депрессивное расстройство, беспокойство, 1337,0
депрессивное расстройство, возбуждение, 1337,0
депрессивное расстройство, тремор, 1337,0
депрессивное расстройство, интоксикация, 1337,0
депрессивное расстройство, вербальные слуховые галлюцинации, 1337,0
депрессивное расстройство, повышенная энергия, 1337,0
депрессивное расстройство, затруднение, 1337,0
депрессивное расстройство, кошмар, 1337,0
депрессивное расстройство, неспособность сосредоточиться, 1337,0
депрессивное расстройство, бездомность, 1337,0
коронарный артериосклероз, боль в груди, 1284,0
коронарный артериосклероз, стенокардия, 1284.0
коронарный артериосклероз, одышка, 1284,0
коронарный артериосклероз, гипокинезия, 1284,0
коронарный артериосклероз, пот, 1284,0
коронарный артериосклероз, повышенное потоотделение, 1284,0
коронарный артериосклероз, сдавленная грудная клетка, 1284,0
коронарный артериосклероз, одышка при физической нагрузке, 1284,0
коронарный артериосклероз, ортопноэ, 1284.0
коронарный артериосклероз, стеснение в груди, 1284.0
ишемическая болезнь сердца, боль в груди, 1284,0
ишемическая болезнь сердца, стенокардия, 1284,0
ишемическая болезнь сердца, одышка, 1284,0
ишемическая болезнь сердца, гипокинезия, 1284,0
ишемическая болезнь сердца, пот, 1284,0
ишемическая болезнь сердца, повышенное потоотделение, 1284,0
ишемическая болезнь сердца, грудная клетка, 1284,0
ишемическая болезнь сердца, одышка при физической нагрузке, 1284,0
ишемическая болезнь сердца, ортопноэ, 1284,0
ишемическая болезнь сердца, стеснение в груди, 1284,0
пневмония, кашель, 1029,0
пневмония, лихорадка, 1029,0
пневмония, снижение прозрачности, 1029,0
пневмония, одышка, 1029,0
пневмония, хрип, 1029.0
пневмония, продуктивный кашель, 1029,0
пневмония, плевритная боль, 1029,0
пневмония, желтая мокрота, 1029,0
пневмония, шумы дыхания уменьшились, 1029,0
пневмония, озноб, 1029,0
пневмония, хрип, 1029,0
пневмония, зеленая мокрота, 1029,0
пневмония, непродуктивный кашель, 1029,0
пневмония, хрипы, 1029,0
пневмония, кровохарканье, 1029,0
пневмония, респираторный дистресс, 1029,0
пневмония, тахипноэ, 1029,0
пневмония, недомогание, 1029,0
пневмония, ночная потливость, 1029,0
сердечная недостаточность, застойное дыхание, одышка, 963,0
сердечная недостаточность, застойная сердечная недостаточность, ортопноэ, 963,0
сердечная недостаточность, застойная сердечная недостаточность, вздутие яремных вен, 963,0
сердечная недостаточность, застойные, хрипы, 963,0
сердечная недостаточность, застойная одышка, 963,0
сердечная недостаточность, застойный кашель, 963,0
сердечная недостаточность, хрипы, хрипы, 963,0
травма сосудов головного мозга, дизартрия, 885,0
авария сосудов головного мозга, астения, 885,0
нарушение мозгового кровообращения, невнятная речь, 885,0
травма сосудов головного мозга, парез лица, 885,0
травма сосудов головного мозга, гемиплегия, 885,0
авария цереброваскулярная, невосприимчивость, 885,0
травма сосудов головного мозга, судорога, 885,0
травма сосудов головного мозга, онемение, 885,0 
астма, хрипы, 835,0
астма, кашель, 835,0
астма, одышка, 835,0
астма, стеснение в груди, 835,0
астма, непродуктивный кашель, 835,0
астма, плевритная боль, 835,0
астма, продуктивный кашель, 835,0
астма, факторы, отягчающие симптомы, 835,0
астма, респираторный дистресс-синдром, 835,0
инфаркт миокарда, боль в груди, 759,0
инфаркт миокарда, элевация сегмента st, 759,0
инфаркт миокарда, пот, 759,0
инфаркт миокарда, повышенное потоотделение, 759,0
инфаркт миокарда, одышка, 759,0
инфаркт миокарда, депрессия I сегмента, 759,0
инфаркт миокарда, гипокинезия, 759,0
инфаркт миокарда, стенокардия, 759,0
инфаркт миокарда, сдавливание грудной клетки, 759,0
инфаркт миокарда, перевернутый зубец t, 759,0
инфаркт миокарда, ортопноэ, 759,0
инфаркт миокарда, хрип, 759,0
инфаркт миокарда, стеснение в груди, 759,0
инфаркт миокарда, наличие зубца q, 759,0
инфаркт миокарда, сердцебиение, 759,0
инфаркт миокарда, одышка, 759,0
инфаркт миокарда, дискомфорт в груди, 759,0
инфаркт миокарда, брадикардия, 759,0
инфаркт миокарда, обморок, 759,0
гиперхолестеринемия, боль, 685,0
гиперхолестеринемия, боль в груди, 685,0
гиперхолестеринемия, пот, 685,0
гиперхолестеринемия, повышенное потоотделение, 685,0
гиперхолестеринемия, некурящие, 685,0
гиперхолестеринемия, сдавливание грудной клетки, 685,0
гиперхолестеринемия, обморок, 685,0
гиперхолестеринемия, онемение, 685,0
гиперхолестеринемия, дискомфорт в груди, 685,0
гиперхолестеринемия, одышка, 685,0
гиперхолестеринемия, депрессия I сегмента, 685,0
гиперхолестеринемия, беспокойство, 685,0
гиперхолестеринемия, перевернутая волна t, 685,0
гиперхолестеринемия, брадикардия, 685,0
гиперхолестеринемия, одышка, 685,0
инфекция, лихорадка, 630,0
инфекция, эритема, 630,0
инфекция, снижение прозрачности, 630,0
инфекция, гепатоспленомегалия, 630,0
инфекция, озноб, 630,0
инфекция, кожный зуд, 630,0
инфекция, диарея, 630,0
инфекция, абсцесс бактериальный, 630,0
инфекция, отек, 630,0
инфекция, боль, 630,0
инфекция, апирексиальная, 630.0
инфекция, кашель, 630,0
инфекция мочевыводящих путей, лихорадка, 597,0
инфекция мочевыводящих путей, дизурия, 597,0
инфекция мочевыводящих путей, гематурия, 597,0
инфекция мочевыводящих путей, болезненность почечного угла, 597,0
инфекции мочевыводящих путей, вялость, 597,0
инфекция мочевыводящих путей, астения, 597,0
инфекция мочевыводящих путей, гипонатриемия, 597,0
инфекция мочевыводящих путей, гемодинамически стабильная 597,0
инфекция мочевыводящих путей, респираторный дистресс, 597,0
инфекция мочевыводящих путей, затрудненное мочеиспускание, 597,0
инфекция мочевыводящих путей, изменение психического статуса, 597,0
инфекция мочевыводящих путей, сознание ясное, 597,0
анемия, озноб, 544,0
анемия, гваяковая положительная, 544,0
анемия, моноклональная, 544.0
анемия, экхимоз 544,0
анемия, инвазия опухолевых клеток, 544,0
анемия, кровотечение, 544,0
анемия, бледность, 544,0
анемия, астения, 544,0
анемия, утомляемость, 544,0
анемия, гем-положительная, 544,0
анемия, боли в спине, 544,0
анемия, ортостаз, 544,0
анемия, гипонатриемия, 544,0
анемия, головокружение, 544,0
анемия, одышка, 544,0
анемия, боль, 544,0
анемия, хрип, 544,0
анемия, артралгия, 544,0
анемия, отек, 544,0
анемия, трансаминит, 544,0
хроническая обструктивная болезнь дыхательных путей, одышка, 524,0
хроническая обструктивная болезнь дыхательных путей, хрипы, 524,0
хроническая обструктивная болезнь дыхательных путей, кашель, 524,0
хроническая обструктивная болезнь дыхательных путей, одышка, 524,0
хроническая обструктивная болезнь дыхательных путей, респираторный дистресс-синдром, 524,0
хроническая обструктивная болезнь дыхательных путей, мокрота гнойная, 524,0
хроническая обструктивная болезнь дыхательных путей, гипоксемия, 524,0
хроническая обструктивная болезнь дыхательных путей, гиперкапния, 524,0
хроническая обструктивная болезнь дыхательных путей, несоблюдение пациентом режима лечения, 524,0
хроническая обструктивная болезнь дыхательных путей, стеснение в груди, 524,0 
деменция, лихорадка, 504,0
слабоумие, падение, 504,0
слабоумие, невосприимчивость, 504,0
слабоумие, вялость, 504,0
деменция, возбуждение, 504,0
деменция, экхимоз, 504,0
деменция, обморок, 504,0
деменция, хрип, 504.0
деменция, бессознательное состояние, 504,0
деменция, кашель, 504,0
слабоумие, прикованный к постели, 504.0
слабоумие, прикованный к постели, 504.0
деменция, боль, 504,0
деменция, парез лица, 504,0
деменция, болезненность живота, 504,0
слабоумие, хрип, 504,0
деменция, шаткая походка, 504,0
деменция, слуховые галлюцинации, 504,0
почечная недостаточность, одышка, 445,0
почечная недостаточность, гиперкалиемия 445,0
почечная недостаточность, ортопноэ, 445,0
почечная недостаточность, хрипы, 445,0
почечная недостаточность, позывы к мочеиспусканию, 445,0
почечная недостаточность, асцит, 445,0
почечная недостаточность, гваяковая кислота, 445,0
почечная недостаточность, астения, 445,0
недостаточность почечная, апирексиальная, 445,0
почечная недостаточность, изменения психического статуса, 445,0
почечная недостаточность, одышка, 445,0
почечная недостаточность, затруднение, 445,0
почечная недостаточность, диарея, 445,0
почечная недостаточность, гипотензия, 445,0
почечная недостаточность, шумы дыхания уменьшились, 445,0
почечная недостаточность, отек, 445,0
почечная недостаточность, гипокинезия, 445,0
замешательство, припадок, 408,0
спутанность сознания, энурез, 408,0
спутанность сознания, вялость, 408,0
замешательство, невнятная речь, 408,0
замешательство, падение, 408.0
спутанность сознания, сознание ясное, 408,0
спутанность сознания, изменения психического статуса, 408,0
путаница, астериксис, 408.0
спутанность сознания, бессознательное состояние, 408,0
замешательство, волнение, 408.0
спутанность сознания, мышечные подергивания, 408,0
спутанность сознания, астения, 408,0
спутанность сознания, сонливость, 408,0
спутанность сознания, головокружение, 408,0
спутанность сознания, головная боль, 408,0
спутанность сознания, дизартрия, 408,0
замешательство, головокружение, 408,0
спутанность сознания, тремор, 408,0
спутанность сознания, гипонатриемия, 408,0
путаница, невосприимчивость, 408.0
дегенеративный полиартрит, боль, 405,0
дегенеративный полиартрит, пищевая непереносимость, 405,0
дегенеративный полиартрит, онемение кисти, 405,0
дегенеративный полиартрит, общий дискомфорт, 405,0
дегенеративный полиартрит, сонливость, 405,0
дегенеративный полиартрит, астения, 405,0
дегенеративный полиартрит, некурящие, 405,0
дегенеративный полиартрит, непродуктивный кашель, 405,0
дегенеративный полиартрит, полидипсия, 405,0
дегенеративный полиартрит, жесткость, 405,0
дегенеративный полиартрит, шаткая походка, 405,0
гипотиреоз, одышка, 398,0
гипотиреоз, простатизм, 398,0
гипотиреоз, сонливость, 398,0
гипотиреоз, сонливость, 398,0
гипотиреоз, гипонатриемия, 398,0
гипотиреоз, падение, 398,0
гипотиреоз, шаткая походка - 398,0
гипотиреоз, полиурия, 398,0
гипотиреоз, гипотензия, 398,0
гипотиреоз, сложность, 398,0
гипотиреоз, обморок, 398,0
гипотиреоз, кошмар, 398,0
гипотиреоз, невнятная речь, 398,0
гипотиреоз, прибавка в весе, 398,0
гипотиреоз, астения, 398,0
гипотиреоз, утомляемость, 398,0
гипотиреоз, утомляемость, 398,0
гипотиреоз, возбуждение, 398,0
гипотиреоз, изменения психического статуса, 398,0
гипотиреоз, задержка моторики, 398,0
гипотиреоз, рвота, 398,0
гипотиреоз, онемение, 398,0
гипотиреоз, масса строения тела, 398,0
тревожное состояние, беспокойство, 390,0
тревожное состояние, суицидальные настроения, 390,0
тревожное состояние, суицидальное, 390,0
тревожное состояние, бессонница, 390,0
тревожное состояние, чувство безнадежности, 390,0
тревожное состояние, раздражительное настроение - 390,0
тревожное состояние, тремор, 390,0
тревожное состояние, затемнение, 390,0
тревожное состояние, плаксивость, 390,0
тревожное состояние, религиозные убеждения, 390,0
тревожное состояние, нервозность, 390,0
тревожное состояние, зрительные галлюцинации, 390,0
тревожное состояние, ползание мурашек, 390,0
тревожное состояние, затруднение, 390,0
тревожное состояние, боль в груди, 390,0
тревожное состояние, несоблюдение пациентом режима лечения, 390,0
тревожное состояние, возбуждение, 390,0
тревожное состояние, сердцебиение, 390,0
тревожное состояние, слуховые галлюцинации, 390,0
тревожное состояние, подавленное настроение, 390,0
тревожное состояние, приливы, 390,0
тревожное состояние, боль, 390,0
тревожное состояние, сознание ясное, 390,0
тревожное состояние, кошмар, 390,0 
злокачественные новообразования, боль, 354,0
злокачественные новообразования, масса тела 354,0
злокачественные новообразования, очаг поражения, 354,0
злокачественные новообразования, кушингоидные фации, 354,0
злокачественные новообразования, кушингоидный габитус, 354,0
злокачественные новообразования, эмфизематозное изменение, 354,0
злокачественные новообразования, снижение массы тела, 354,0
злокачественные новообразования, асцит, 354,0
злокачественные новообразования, охриплость голоса 354,0
злокачественные новообразования, утолщение, 354,0
злокачественные новообразования, гематурия, 354,0
первичное злокачественное новообразование, боль, 354,0
первичное злокачественное новообразование, масса строения тела, 354,0
первичное злокачественное новообразование, очаг поражения, 354,0
первичное злокачественное новообразование, кушингоидная фация, 354,0
первичное злокачественное новообразование, кушингоидный габитус, 354,0
первичное злокачественное новообразование, эмфизематозное изменение, 354,0
первичное злокачественное новообразование, снижение массы тела, 354,0
первичное злокачественное новообразование, асцит, 354,0
первичное злокачественное новообразование, охриплость голоса 354,0
первичное злокачественное новообразование, утолщение, 354,0
первичное злокачественное новообразование, гематурия, 354,0
синдром приобретенного иммунодефицита, лихорадка, 350,0
синдром приобретенного иммунодефицита, ночная потливость, 350,0
синдром приобретенного иммунодефицита, самопроизвольный разрыв плодных оболочек, 350,0
синдром приобретенного иммунодефицита, кашель, 350,0
синдром приобретенного иммунодефицита, 350,0
синдром приобретенного иммунодефицита, снижение массы тела, 350,0
синдром приобретенного иммунодефицита, озноб, 350,0
синдром приобретенного иммунодефицита, диарея, 350,0
синдром приобретенного иммунодефицита, плевритная боль, 350,0
синдром приобретенного иммунодефицита, несоблюдение пациентом режима лечения, 350,0
синдром приобретенного иммунодефицита, тахипноэ, 350,0
синдром приобретенного иммунодефицита, продуктивный кашель, 350,0
синдром приобретенного иммунодефицита, мышечная гипотония, 350,0
синдром приобретенного иммунодефицита, гипотонический, 350,0
синдром приобретенного иммунодефицита, суицидальные настроения, 350,0
ВИЧ, лихорадка, 350,0
ВИЧ, ночной пот, 350,0
ВИЧ, самопроизвольный разрыв плодных оболочек, 350,0
ВИЧ, кашель, 350,0
ВИЧ, 350,0
ВИЧ, снижение массы тела, 350,0
ВИЧ, озноб, 350,0
ВИЧ, диарея, 350,0
ВИЧ, плевритная боль, 350,0
ВИЧ, несоблюдение пациентом режима лечения, 350,0
ВИЧ, тахипноэ, 350,0
ВИЧ, продуктивный кашель, 350,0
ВИЧ, мышечная гипотония, 350,0
ВИЧ, гипотонический, 350,0
ВИЧ, склонность к суициду, 350,0
ВИЧ-инфекции, лихорадка, 350,0
ВИЧ-инфекции, ночной пот, 350,0
ВИЧ-инфекции, самопроизвольный разрыв плодных оболочек, 350,0
ВИЧ-инфекции, кашель, 350,0
ВИЧ-инфекции, 350,0
ВИЧ-инфекции, снижение массы тела, 350,0
ВИЧ-инфекции, озноб, 350,0
ВИЧ-инфекции, диарея, 350,0
ВИЧ-инфекции, плевритная боль, 350,0
ВИЧ-инфекции, несоблюдение пациентом режима лечения, 350,0
ВИЧ-инфекции, тахипноэ, 350,0
ВИЧ-инфекция, продуктивный кашель, 350,0
ВИЧ-инфекции, мышечная гипотония, 350,0
ВИЧ-инфекции, гипотоники, 350,0
ВИЧ-инфекции, суицидальные настроения, 350,0
целлюлит, эритема, 341,0
целлюлит, боль, 341,0
целлюлит, отек, 341,0
целлюлит, покраснение, 341,0
целлюлит, лихорадка, 341,0
целлюлит, абсцесс бактериальный, 341,0
целлюлит, несоблюдение пациентом режима лечения, 341,0
целлюлит, гипестезия, 341,0
целлюлит, гиперакузия, 341,0
целлюлит, кожный зуд, 341,0
целлюлит, боль в груди, 341,0
целлюлит, царапины, 341,0
целлюлит, озноб, 341,0
целлюлит, болезненность при прикосновении, 341,0
гастроэзофагеальная рефлюксная болезнь, боль, 325,0
гастроэзофагеальная рефлюксная болезнь, боль в груди, 325,0
гастроэзофагеальная рефлюксная болезнь, чувство жжения, 325,0
гастроэзофагеальная рефлюксная болезнь, гипонатриемия, 325,0
гастроэзофагеальная рефлюксная болезнь, раннее насыщение, 325,0
гастроэзофагеальная рефлюксная болезнь, качество пульсации, 325,0
гастроэзофагеальная рефлюксная болезнь, стеснение в груди, 325,0
гастроэзофагеальная рефлюксная болезнь, сенсорный дискомфорт, 325,0
гастроэзофагеальная рефлюксная болезнь, наличие зубца q, 325,0
гастроэзофагеальная рефлюксная болезнь, тошнота, 325,0
гастроэзофагеальная рефлюксная болезнь, общий дискомфорт, 325,0
гастроэзофагеальная рефлюксная болезнь, запор, 325,0
гастроэзофагеальная рефлюксная болезнь, сердцебиение, 325,0
гастроэзофагеальная рефлюксная болезнь, боли в животе, 325,0
гастроэзофагеальная рефлюксная болезнь, изжога, 325,0
гастроэзофагеальная рефлюксная болезнь, пот, 325,0
гастроэзофагеальная рефлюксная болезнь, повышенное потоотделение, 325,0
гастроэзофагеальная рефлюксная болезнь, астения, 325,0 
сепсис, лихорадка, 311,0
сепсис, респираторный дистресс-синдром, 311,0
сепсис, гипотензия, 311,0
сепсис, тахипноэ, 311,0
сепсис, озноб, 311,0
сепсис, вялость, 311,0
сепсис, брадикардия, 311,0
сепсис, тазовое предлежание, 311,0
сепсис, цианоз, 311,0
сепсис, самопроизвольный разрыв плодных оболочек, 311,0
сепсис, кровотечение, 311,0
сепсис, невосприимчивость, 311,0
сепсис, хрипы, 311,0
сепсис, апирексиальный, 311,0
системная инфекция, лихорадка, 311,0
системная инфекция, респираторный дистресс-синдром, 311,0
системная инфекция, гипотензия, 311,0
системная инфекция, тахипноэ, 311,0
системная инфекция, озноб, 311,0
системная инфекция, вялость, 311,0
системная инфекция, брадикардия, 311,0
системная инфекция, тазовое предлежание, 311,0
системная инфекция, цианоз, 311,0
системная инфекция, самопроизвольный разрыв плодных оболочек, 311,0
системная инфекция, кровотечение, 311,0
системная инфекция, невосприимчивость, 311,0
системная инфекция, хрипы, 311,0
системная инфекция, апирексиальная, 311.0
сепсис (беспозвоночные), лихорадка, 311,0
сепсис (беспозвоночные), респираторный дистресс-синдром, 311,0
сепсис (беспозвоночные), гипотензия, 311,0
сепсис (беспозвоночные), тахипноэ, 311,0
сепсис (беспозвоночные), озноб, 311,0
сепсис (беспозвоночные), вялость, 311,0
сепсис (беспозвоночные), брадикардия - 311,0
сепсис (беспозвоночные), тазовое предлежание, 311,0
сепсис (беспозвоночные), цианоз 311,0
сепсис (беспозвоночные), самопроизвольный разрыв плодных оболочек, 311,0
сепсис (беспозвоночные), кровотечение, 311,0
сепсис (беспозвоночные), невосприимчивость, 311,0
сепсис (беспозвоночные), хрип, 311.0
сепсис (беспозвоночные), апирексиальный, 311,0
тромбоз глубоких вен, отек, 310,0
тромбоз глубоких вен, боль, 310,0
тромбоз глубоких вен, экхимоз, 310,0
тромбоз глубоких вен, одышка, 310,0
тромбоз глубоких вен, боли в нижней конечности, 310,0
тромбоз глубоких вен, кардиомегалия, 310,0
тромбоз глубоких вен, хрип, 310,0
тромбоз глубоких вен, эритема, 310,0
тромбоз глубоких вен, гипотензия, 310,0
тромбоз глубоких вен, clonus, 310,0
тромбоз глубоких вен, непродуктивный кашель, 310,0
тромбоз глубоких вен, покраснение, 310,0
обезвоживание, лихорадка, 297,0
обезвоживание, диарея - 297,0
обезвоживание, рвота, 297,0
обезвоживание, гипотензия, 297,0
обезвоживание, тошнота, 297,0
обезвоживание, головокружение, 297,0
обезвоживание, недомогание, 297,0
обезвоживание, изменение психического статуса, 297,0
обезвоживание, анорексия - 297,0
обезвоживание, астения - 297,0
обезвоживание, сенсорный дискомфорт, 297,0
обезвоживание, обморок, 297,0
обезвоживание, вялость, 297,0
обезвоживание, головокружение, 297,0
обезвоживание, обморок, 297,0
обезвоживание, затемнение, 297,0
обезвоживание, в анамнезе - затемнение, 297,0
новообразование, масса строения тела, 297,0
новообразование, поражение, 297,0
новообразование, боль в груди, 297,0
новообразование, гематурия, 297,0
новообразование, инвазия опухолевых клеток, 297,0
новообразование, боль, 297,0
новообразование, аносмия, 297,0
новообразование, утолщение, 297,0
новообразование, метастатическое поражение, 297,0
новообразование, пищевая непереносимость, 297,0
новообразование, снижение массы тела, 297,0
новообразование, ночной пот, 297,0
новообразование, гомонимная гемианопсия, 297,0
новообразование, насыщение рано, 297,0
новообразование, боли в животе, 297,0
новообразование, головная боль, 297,0
легочная эмболия, одышка, 294,0
легочная эмболия, гипоксемия, 294,0
легочная эмболия, тахипноэ, 294,0
эмболия легочной артерии, гематокрит снижен, 294,0
легочная эмболия, боль грудной клетки, 294,0
эмболия легочной артерии, одышка, 294,0
эмболия легочной артерии, плевритная боль, 294,0
легочная эмболия, ригидность шеи, 294,0
эмболия легочной артерии, мокрота желтая, 294,0
эмболия легочной артерии, продуктивный кашель, 294,0
легочная эмболия, рубцевание, 294,0
легочная эмболия, невосприимчивость, 294,0
легочная эмболия, респираторный дистресс-синдром, 294,0
легочная эмболия, хрипы, 294,0
эмболия легочная, апирексиальная, 294,0
легочная эмболия, непродуктивный кашель, 294,0 
эпилепсия, припадок, 290,0
эпилепсия, гипометаболизм, 290,0
эпилепсия, аура, 290.0
эпилепсия, мышечные судороги, 290,0
эпилепсия, сонливость, 290,0
эпилепсия, тремор, 290,0
эпилепсия, невосприимчивость, 290,0
эпилепсия, гемиплегия, 290,0
эпилепсия, миоклонус, 290,0
эпилепсия, бульканье, 290,0
эпилепсия, сонливость, 290,0
эпилепсия, летаргия, 290,0
эпилепсия, прикованная к инвалидной коляске, 290,0
кардиомиопатия, одышка, 283,0
кардиомиопатия, ортопноэ, 283,0
кардиомиопатия, гипокинезия, 283,0
кардиомиопатия, вздутие яремных вен, 283,0
кардиомиопатия, сердцебиение, 283,0
кардиомиопатия, боль в груди, 283,0
кардиомиопатия, обморок, 283,0
кардиомиопатия, желтая мокрота, 283,0
кардиомиопатия, хрипы, 283,0
кардиомиопатия, одышка, 283,0
кардиомиопатия, одышка при физической нагрузке, 283,0
кардиомиопатия, гипертрофия левого предсердия, 283,0
кардиомиопатия, утомляемость, 283,0
кардиомиопатия, прибавка в весе, 283,0
кардиомиопатия, несоблюдение пациентом режима лечения 283,0
хроническая почечная недостаточность, рвота 280,0
хроническая почечная недостаточность, ортопноэ 280,0
хроническая почечная недостаточность, гиперкалиемия 280,0
хроническая почечная недостаточность, олигурия 280,0
хроническая почечная недостаточность, вздутие яремных вен, 280,0
хроническая почечная недостаточность, тошнота, 280,0
хроническая почечная недостаточность, одышка 280,0
хроническая почечная недостаточность, изменения психического статуса, 280,0
хроническая почечная недостаточность, диарея, 280,0
хроническая почечная недостаточность, астения 280,0
хроническая почечная недостаточность, стеснение в груди, 280,0
хроническая почечная недостаточность, недомогание, 280,0
хроническая почечная недостаточность, озноб 280,0
хроническая почечная недостаточность, хрипы, 280,0
хроническая почечная недостаточность, лихорадка, 280,0
хроническая почечная недостаточность, плевритная боль, 280,0
хроническая почечная недостаточность, апирексиальная, 280,0
хроническая почечная недостаточность, гваяковая кислота, 280,0
хроническая почечная недостаточность, отек 280,0
хроническая почечная недостаточность, кататония, 280,0
хроническая почечная недостаточность, невосприимчивость, 280,0
хроническая почечная недостаточность, желтая мокрота, 280,0
карцинома, масса строения тела, 269,0
карцинома, боль, 269,0
карцинома, поражение, 269.0
карцинома, инвазия опухолевых клеток, 269,0
карцинома утолщенная, 269,0
карцинома, снижение массы тела, 269,0
карцинома, охриплость голоса, 269,0
карцинома, общий дискомфорт, 269,0
карцинома, метастатическое поражение, 269,0
карцинома, непродуктивный кашель, 269,0
карцинома, запор, 269,0
карцинома, несчастный, 269,0
карцинома, парестезия, 269,0
карцинома беременная 0,269,0
карцинома, диарея, 269,0
карцинома, болезненная при прикосновении, 269,0
карцинома, изжога, 269,0
карцинома, тошнота, 269,0
карцинома, узелок в легком, 269,0
гепатит С, асцит, 269,0
гепатит С, вздутие живота, 269,0
гепатит С, суицидальные настроения, 269,0
гепатит С, кашель, 269,0
гепатит С, боль, 269,0
гепатит С, мацерированная кожа, 269,0
гепатит С, чувство тяжести, 269,0
гепатит С, слуховые галлюцинации, 269,0
гепатит С, озноб, 269,0
гепатит С, астериксис, 269,0
гепатит С, несоблюдение пациентом режима лечения, 269,0
заболевание периферических сосудов, одышка, 268,0
заболевание периферических сосудов, боль в покое, 268,0
заболевание периферических сосудов, стенокардия, 268,0
заболевание периферических сосудов, невосприимчивость, 268,0
заболевание периферических сосудов, гиперкалиемия, 268,0
заболевание периферических сосудов, ритм синусовый, 268,0
заболевание периферических сосудов, затрудненное дыхание, 268,0
заболевание периферических сосудов, одышка, 268,0
заболевание периферических сосудов, болезненность при прикосновении, 268,0
заболевание периферических сосудов, анорексия, 268,0
заболевание периферических сосудов, сонливость, 268,0
психотическое расстройство, суицидальное состояние, 267,0
психотическое расстройство, слуховые галлюцинации, 267,0
психотическое расстройство, суицидальное чувство, 267,0
психотическое расстройство, зрительные галлюцинации, 267,0
психотическое расстройство, задержка моторики, 267,0
психотическое расстройство, затемнение, 267,0
психотическое расстройство, вербальные слуховые галлюцинации, 267,0
психотическое расстройство, чувство безнадежности, 267,0
психотическое расстройство, раздражительное настроение, 267,0
психотическое расстройство, возбуждение, 267,0
психотическое расстройство, тремор, 267,0
психотическое расстройство, кататония, 267,0
психотическое расстройство, плаксивость, 267,0
психотическое расстройство, бездомность, 267,0
психотическое расстройство, бессонница, 267,0
психотическое расстройство, отстранение, 267,0
психотическое расстройство, повышенная энергия, 267,0
психотическое расстройство, интоксикация, 267,0
психотическое расстройство, беспокойство, 267,0
психотическое расстройство, гиперактивное поведение, 267,0
психотическое расстройство, несоблюдение пациентом режима лечения, 267,0
психотическое расстройство, депрессивное настроение, 267,0
психотическое расстройство, ужас, 267,0
психотическое расстройство, кошмар, 267,0
психотическое расстройство, сознание ясное, 267,0 
гиперлипидемия, боль в груди, 247,0
гиперлипидемия, стенокардия, 247,0
гиперлипидемия, сердцебиение, 247,0
гиперлипидемия, наличие зубца q, 247,0
гиперлипидемия, фотопсия, 247,0
гиперлипидемия, пот, 247,0
гиперлипидемия, повышенное потоотделение, 247,0
гиперлипидемия, дискомфорт в груди, 247,0
гиперлипидемия, одышка, 247,0
гиперлипидемия, головокружение, 247,0
гиперлипидемия, гипокинезия, 247,0
гиперлипидемия, гемиплегия, 247,0
гиперлипидемия, головокружение, 247,0
биполярное расстройство, суицидальные настроения, 241,0
биполярное расстройство, повышенная энергия, 241,0
биполярное расстройство, суицидальное поведение, 241,0
биполярное расстройство, раздражительное настроение, 241,0
биполярное расстройство, возбуждение, 241,0
биполярное расстройство, религиозные убеждения, 241,0
биполярное расстройство, неблагополучная семья, 241,0
биполярное расстройство, слуховые галлюцинации, 241,0
биполярное расстройство, вербальные слуховые галлюцинации, 241,0
биполярное расстройство, слабость, 241,0
биполярное расстройство, гиперактивное поведение, 241,0
биполярное расстройство, кататония, 241,0
биполярное расстройство, чувство безнадежности, 241,0
биполярное расстройство, беспокойство, 241,0
биполярное расстройство, бессонница, 241,0
биполярное расстройство, гиперсомния, 241,0
биполярное расстройство, сложность, 241,0
биполярное расстройство, зрительные галлюцинации, 241,0
биполярное расстройство, гипергидрозное расстройство, 241,0
биполярное расстройство, мидриаз, 241,0
биполярное расстройство, экстрапирамидный признак, 241,0
биполярное расстройство, свободные ассоциации, 241,0
биполярное расстройство, интоксикация, 241,0
биполярное расстройство, задержка моторики, 241,0
биполярное расстройство, бездомность, 241,0
биполярное расстройство, затемнение, 241,0
биполярное расстройство, тремор, 241,0
биполярное расстройство, истощение, 241,0
ожирение, боль, 228,0
ожирение, кататония, 228,0
ожирение, храп, 228,0
ожирение, боль в груди, 228,0
ожирение, характеристика зубца r, 228,0
ожирение, религиозные убеждения, 228,0
ожирение, одышка, 228,0
ожирение, утомляемость, 228,0
ожирение, усталость, 228,0
ожирение, избыточная масса тела, 228,0
ожирение, систолический шум, 228,0
ожирение, подавленное настроение, 228,0
ожирение, экхимозы, 228,0
ишемия, сонливость - 226,0
ишемия, сонливость, 226,0
ишемия, боль в груди, 226,0
ишемия, стенокардия, 226,0
ишемия, сдавливание грудной клетки, 226,0
ишемия, дискомфорт в груди, 226,0
ишемия, одышка, 226,0
ишемия, одышка, 226,0
ишемия, ритм синусовый, 226,0
ишемия, брадикардия, 226,0
ишемия, пот, 226,0
ишемия, повышенное потоотделение, 226,0
ишемия, хрипы, 226.0
ишемия, бессимптомная, 226,0
ишемия, анорексия, 226,0
цирроз, асцит, 218,0
цирроз, осень, 218,0
цирроз, спленомегалия, 218,0
цирроз, кожный зуд, 218,0
цирроз, боли в животе, 218,0
цирроз, инвазия опухолевых клеток, 218,0
цирроз, вздутие живота, 218,0
цирроз, поражение, 218,0
цирроз, гемодинамически стабильный, 218,0
цирроз, положительный по гваяковой кислоте, 218,0
цирроз, болезненный на ощупь, 218,0
цирроз, влагалищное кровотечение, 218,0
экзантема, лихорадка, 208,0
экзантема, кожный зуд, 208,0
экзантема, пятно, 208,0
экзантема, поражение, 208.0
экзантема, покраснение, 208,0
экзантема, головная боль, 208,0
экзантема, апирексиальная, 208.0
экзантема, артралгия, 208,0
экзантема, отек, 208,0
экзантема, эритема, 208,0
экзантема, светобоязнь, 208,0
экзантема, озноб, 208,0
экзантема, царапины, 208,0
экзантема, боль, 208,0
экзантема, болезненное глотание, 208.0 
доброкачественная гипертрофия простаты, изменения психического статуса, 192,0
доброкачественная гипертрофия простаты, кахексия, 192,0
доброкачественная гипертрофия простаты, затемнение, 192,0
доброкачественная гипертрофия простаты, ортостаз, 192,0
доброкачественная гипертрофия простаты, ортопноэ, 192,0
доброкачественная гипертрофия простаты, ночная потливость, 192,0
доброкачественная гипертрофия предстательной железы, респираторный дистресс-синдром, 192,0
доброкачественная гипертрофия простаты, анорексия, 192,0
доброкачественная гипертрофия простаты, дизартрия, 192,0
острая почечная недостаточность, гиперкалиемия, 186,0
почечная недостаточность острая, артериальная гипотензия 186,0
почечная недостаточность острая, результат гипокальциемия 186,0
почечная недостаточность острая, олигурия, 186,0
почечная недостаточность острая, гемодинамически стабильная, 186,0
почечная недостаточность острая, астения, 186,0
почечная недостаточность острая, «переохлаждение естественное», 186,0
почечная недостаточность острая, диарея, 186,0
почечная недостаточность острая, кровотечение 186,0
почечная недостаточность острая, невосприимчивость, 186,0
недостаточность митрального клапана, одышка, 186,0
недостаточность митрального клапана, одышка при нагрузке, 186,0
недостаточность митрального клапана, бессимптомная, 186,0
недостаточность митрального клапана, гипокинезия, 186,0
недостаточность митрального клапана, одышка, 186,0
недостаточность митрального клапана, обморок, 186,0
недостаточность митрального клапана, утолщение, 186,0
недостаточность митрального клапана, гипертрофия левого предсердия, 186,0
недостаточность митрального клапана, сердцебиение, 186,0
недостаточность митрального клапана, утомляемость, 186,0
недостаточность митрального клапана, рвота, 186,0
недостаточность митрального клапана, боль, 186,0
недостаточность митрального клапана, кардиомегалия, 186,0
недостаточность митрального клапана, дискомфорт в груди, 186,0
артрит, боль, 179,0
артрит, гемодинамически стабильный, 179,0
артрит, бессонница, 179,0
артрит, астения, 179,0
артрит, обморок, 179,0
артрит, отек, 179,0
артрит, атипия, 179,0
артрит, общая неустойчивость, 179,0
артрит, одышка, 179,0
артрит, вздутие живота, 179,0
бронхит, кашель, 172,0
бронхит, хрипы, 172,0
бронхит, одышка, 172,0
бронхит, стеснение в груди, 172,0
бронхит, лихорадка, 172,0
бронхит, ангина, 172,0
бронхит, продуктивный кашель, 172,0
бронхит, гепатоспленомегалия, 172,0
бронхит, ночная потливость - 172,0
бронхит, кровохарканье 172,0
бронхит, затрудненное дыхание, 172,0
бронхит, насморк, 172,0
бронхит, отрывистый кашель, 172,0
бронхит, одышка - 172,0
бронхит, озноб 172,0
бронхит, стридор, 172,0
бронхит, снижение массы тела, 172,0
гемипарез, дизартрия, 171,0
гемипарез, парез 171,0
гемипарез, астения 171,0
гемипарез, афагия 171,0
гемипарез, судороги 171,0
гемипарез, невнятная речь, 171,0
гемипарез, очаговые припадки 171,0
гемипарез, гемиплегия 171,0
гемипарез, ненормальное ощущение, 171,0
гемипарез, невосприимчивость, 171,0
гемипарез, ступор, 171,0
гемипарез, сонливость, 171,0
гемипарез, сонливость, 171,0
гемипарез, лохматка, 171,0
гемипарез по линии Стахли 171,0
гемипарез, покалывание, 171,0
гемипарез, паралич 171,0
гемипарез, клонус, 171,0
гемипарез, парез лица 171,0
остеопороз, простатизм, 169,0
остеопороз, осень, 169,0
остеопороз, гирсутизм, 169,0
остеопороз, насморк, 169,0
остеопороз, вздутие живота, 169,0
остеопороз, головокружение, 169,0
остеопороз, онемение кисти, 169,0
остеопороз, брадикинезия, 169,0
остеопороз, боль, 169,0
остеопороз, обморок, 169,0
остеопороз, отдышка, 169,0
остеопороз, апирексиальный, 169,0
остеопороз, недержание мочи, 169,0
остеопороз, головокружение, 169,0
преходящая ишемическая атака, невнятная речь, 168,0
транзиторная ишемическая атака, дизартрия, 168,0
преходящая ишемическая атака, парез лица, 168,0
преходящая ишемическая атака, астения, 168,0
преходящая ишемическая атака, ригидность шеи, 168,0
преходящая ишемическая атака, головокружение, 168,0
преходящая ишемическая атака, онемение, 168,0
преходящая ишемическая атака, головокружение, 168,0
преходящая ишемическая атака, экстрапирамидный признак, 168,0
преходящая ишемическая атака, линия Стахли, 168,0
преходящая ишемическая атака, нечеткость зрения, 168,0
преходящая ишемическая атака, головная боль, 168,0
преходящая ишемическая атака, вращение комнаты, 168,0
преходящая ишемическая атака, обморок, 168,0
преходящая ишемическая атака, сложность, 168,0
преходящая ишемическая атака, бессвязная речь, 168,0
преходящая ишемическая атака, неуклюжесть, 168,0
аденокарцинома, масса строения тела, 166,0
аденокарцинома, поражение, 166,0
аденокарцинома, снижение массы тела, 166,0
аденокарцинома, запор, 166,0
аденокарцинома, fremitus, 166,0
аденокарцинома, стул заниженный, 166,0
аденокарцинома, быстрое насыщение, 166,0
аденокарцинома, гематохезия, 166,0
аденокарцинома, эгофония, 166,0
аденокарцинома, боль, 166,0
аденокарцинома, рубцевание, 166,0
аденокарцинома, рубцовая ткань, 166,0
аденокарцинома, боли в животе, 166,0 
паранойя, слуховые галлюцинации, 165,0
паранойя, зрительные галлюцинации, 165,0
паранойя, возбуждение, 165.0
паранойя, раздражительное настроение, 165,0
паранойя, словесные слуховые галлюцинации, 165,0
паранойя, предчувствие суицида, 165,0
паранойя, самоубийство, 165.0
паранойя, ужас, 165.0
паранойя, неологизм, 165.0
паранойя, бездомность, 165.0
паранойя, энергия увеличилась, 165,0
паранойя, подавленное настроение, 165,0
паранойя, декомпенсация, 165.0
паранойя, рубцевание, 165,0
паранойя, рубцовая ткань, 165,0
паранойя, затемнение, 165.0
паранойя, свободные ассоциации, 165,0
панкреатит, рвота, 165,0
панкреатит, боли в животе, 165,0
панкреатит, тошнота, 165,0
панкреатит, боль, 165,0
панкреатит, диарея - 165,0
панкреатит, цвет стула желтый, 165,0
панкреатит, окоченение - температурное наблюдение, 165,0
панкреатит, апирексиальный, 165,0
панкреатит болезненный при прикосновении, 165,0
недержание мочи, парапарез - 165,0
недержание мочи, судороги, 165,0
недержание мочи, астения - 165,0
недержание мочи, недержание мочи, 165,0
недержание мочи, бессознательное состояние, 165,0
недержание мочи, аура, 165,0
недержание мочи, угрюмость, 165,0
недержание мочи, боязнь падения - 165,0
недержание мочи, тремор, 165,0
недержание мочи, спазм, 165,0
недержание мочи, недомогание, 165,0
недержание мочи, обморок, 165,0
недержание мочи, падение, 165,0
недержание мочи, скованность, 165,0
недержание мочи, невосприимчивость, 165,0
пароксизмальная одышка, ортопноэ - 165,0
пароксизмальная одышка, одышка, 165,0
пароксизмальная одышка, одышка при физической нагрузке - 165,0
пароксизмальная одышка, вздутие яремных вен 165,0
пароксизмальная одышка, хрипы, 165,0
пароксизмальная одышка, боль в груди, 165,0
пароксизмальная одышка, сердцебиение, 165,0
пароксизмальная одышка, пот, 165,0
пароксизмальная одышка, повышенное потоотделение - 165,0
пароксизмальная одышка, прибавка в весе 165,0
приступообразная одышка, кашель - 165,0
пароксизмальная одышка, одышка - 165,0
грыжа, боли в животе, 164,0
грыжа, боль, 164,0
грыжа, гипервентиляция, 164,0
грыжа, мучительная боль, 164,0
грыжа, кляп, 164.0
грыжа, тошнота, 164,0
грыжа, поза, 164.0
грыжа, гемиплегия, 164,0
грыжа, болезненная при прикосновении, 164,0
грыжа, кровотечение, 164,0
грыжа апирексиальная, 164,0
грыжа, пищевая непереносимость, 164,0
грыжа, пульс отсутствует, 164,0
грыжа, астения, 164,0
грыжа, масса строения тела, 164,0
грыжа утолщенная, 164,0
злокачественное новообразование простаты, гематурия, 163,0
злокачественное новообразование простаты, дизестезия, 163,0
злокачественное новообразование простаты, астения, 163,0
злокачественное новообразование простаты, полимиалгия, 163,0
злокачественное новообразование простаты, выход камней, 163,0
злокачественное новообразование простаты, плевритная боль, 163,0
злокачественное новообразование простаты, гваяковый положительный результат, 163,0
злокачественное новообразование простаты, хрипы, 163,0
злокачественное новообразование простаты, шумы дыхания уменьшились, 163,0
злокачественное новообразование простаты, недержание мочи, 163,0
злокачественное новообразование простаты, дизурия, 163,0
злокачественное новообразование простаты, диарея, 163,0
злокачественное новообразование простаты, головокружение, 163,0
злокачественное новообразование простаты, удлиненный интервал qt, 163,0
злокачественное новообразование простаты, атаксия, 163,0
злокачественное новообразование простаты, парез, 163,0
злокачественное новообразование простаты, гомонимная гемианопсия, 163,0
злокачественное новообразование простаты, инвазия опухолевых клеток, 163,0
злокачественное новообразование простаты, гемодинамически стабильное, 163,0
злокачественное новообразование простаты, масса тела 163,0
злокачественное новообразование простаты, хрип, 163,0
злокачественное новообразование простаты, ортостаз, 163,0
злокачественное новообразование простаты, снижение массы тела, 163,0
карцинома простаты, гематурия, 163,0
карцинома простаты, дизестезия, 163,0
карцинома простаты, астения, 163,0
карцинома простаты, полимиалгия, 163,0
карцинома простаты, выход камней, 163,0
карцинома простаты, плевритная боль, 163,0
карцинома простаты, гваяковый положительный результат, 163,0
карцинома простаты, хрипы, 163,0
карцинома простаты, шумы дыхания уменьшились, 163,0
карцинома простаты, недержание мочи, 163,0
карцинома простаты, дизурия, 163,0
карцинома простаты, диарея, 163,0
карцинома простаты, головокружение, 163,0
карцинома простаты, удлиненный интервал qt, 163,0
карцинома простаты, атаксия, 163,0
карцинома простаты, парез, 163,0
карцинома простаты, гомонимная гемианопсия, 163,0
карцинома простаты, инвазия опухолевых клеток, 163,0
карцинома простаты, гемодинамически стабильная, 163,0
карцинома простаты, масса строения тела, 163,0
карцинома простаты, хрип, 163,0
карцинома простаты, ортостаз, 163,0
карцинома простаты, снижение массы тела, 163,0
отек легких, позывы к мочеиспусканию, 161,0
отек легких, одышка, 161,0
отек легких, хрипы, 161,0
отек легких, тахипноэ, 161,0
отек легких, ортопноэ, 161,0
отек легкого, узел Гебердена, 161,0
отек легких, вздутие яремных вен, 161,0
отек легких, одышка, 161,0
отек легких, пот, 161,0
отек легких, повышенное потоотделение, 161,0
отек легких, несоблюдение пациентом режима 161,0
отек легких, дискомфорт в груди, 161,0
отек легких, гиперкалиемия, 161,0
отек легких, ритм синусовый, 161,0
отек легких, боль в груди, 161,0
отек легких, артериальная гипотензия, 161,0
отек легких, хрипы, 161,0 
лимфатические заболевания, боль, 160,0
лимфатические заболевания, масса строения тела, 160,0
лимфатические заболевания, ночная потливость, 160,0
лимфатические заболевания, спленомегалия, 160,0
лимфатические заболевания, поражение, 160,0
лимфатические заболевания, озноб, 160,0
лимфатические заболевания, снижение массы тела, 160,0
лимфатические заболевания, отек, 160,0
лимфатические заболевания, лихорадка, 160,0
лимфатические заболевания, гиперакузия, 160,0
лимфатические заболевания, фремитус, 160,0
лимфатические заболевания, непродуктивный кашель, 160,0
лимфатические заболевания, эгофония, 160,0
лимфатические заболевания, покраснение, 160,0
лимфатические заболевания, гепатомегалия, 160,0
лимфатические заболевания, утомляемость, 160,0
стеноз аортального клапана, одышка при физической нагрузке, 158,0
стеноз аортального клапана, обморок, 158,0
стеноз аортального клапана, дискомфорт в груди, 158,0
стеноз аортального клапана, систолический шум, 158,0
стеноз аортального клапана, радикулит 158,0
стеноз аортального клапана, стенокардия, 158,0
стеноз аортального клапана, боль в груди, 158,0
стеноз аортального клапана, пенистая мокрота, 158,0
стеноз аортального клапана, брадикардия, 158,0
стеноз аортального клапана, одышка, 158,0
стеноз аортального клапана, боль, 158,0
злокачественное новообразование груди, образование в груди, 152,0
злокачественное новообразование груди, масса строения тела, 152,0
злокачественное новообразование груди, парестезия, 152,0
злокачественное новообразование молочной железы, ретропульсия, 152,0
злокачественное новообразование груди, эритема, 152,0
злокачественное новообразование груди, степень трудности, 152,0
злокачественное новообразование молочной железы, очаг поражения, 152,0
злокачественное новообразование груди, употребление эстрогенов, 152,0
злокачественное новообразование груди, чувство жжения, 152,0
злокачественное новообразование груди, одышка, 152,0
злокачественное новообразование груди, отек, 152,0
злокачественное новообразование груди, ползание мурашек, 152,0
карцинома груди, масса в груди, 152,0
карцинома груди, масса строения тела, 152,0
карцинома груди, парестезия, 152,0
рак груди, ретропульсия, 152,0
карцинома груди, эритема, 152,0
карцинома груди, сложность, 152,0
карцинома груди, поражение, 152,0
карцинома груди, употребление эстрогенов, 152,0
карцинома груди, ощущение жжения, 152,0
карцинома груди, одышка, 152,0
карцинома груди, отек, 152,0
карцинома груди, ползание мурашек, 152,0
шизофрения, слуховые галлюцинации, 147,0
шизофрения, гиперсонливость, 147,0
шизофрения, раздражительное настроение, 147,0
шизофрения, вербальные слуховые галлюцинации, 147,0
шизофрения, несоблюдение пациентом режима лечения, 147,0
шизофрения, возбуждение, 147,0
шизофрения, суицидальные наклонности, 147,0
шизофрения, беспокойство, 147,0
шизофрения, галлюцинации зрительные, 147,0
шизофрения, недостаточный вес, 147,0
шизофрения, недостаточный вес, 147,0
шизофрения, бездомность, 147,0
дивертикулит, боли в животе, 145,0
дивертикулит, абсцесс бактериальный, 145,0
дивертикулит, тупость, 145,0
дивертикулит, красные пятна, 145,0
дивертикулит, диарея - 145,0
дивертикулит, болезненность при прикосновении, 145,0
дивертикулит, дизурия, 145,0
дивертикулит, боль, 145,0
дивертикулит, рвота, 145,0
дивертикулит, ритм синусовый, 145,0
дивертикулит, колики брюшной полости, 145,0
дивертикулит, апирексиальный, 145,0
дивертикулит, болезненность живота, 145,0
дивертикулит, лихорадка, 145,0
дивертикулит, шаткая походка, 145,0
дивертикулит, утолщение, 145,0
дивертикулит, позывы к мочеиспусканию, 145,0
дивертикулит, анорексия, 145,0
дивертикулит, моноклональный, 145.0
дивертикулит, запор, 145,0
перегрузочная жидкость, хрип, 144,0
перегрузка жидкостью, вздутие яремной вены, 144,0
перегрузка жидкостью, гиперкалиемия 144,0
перегрузочная жидкость, ортопноэ, 144,0
перегрузка жидкостью, одышка, 144,0
перегрузка жидкостью, сонливость 144,0
перегрузка жидкостью, сонливость, 144,0
перегрузка жидкостью, прибавка в весе 144,0
перегрузка жидкостью, гипокалиемия 144,0
перегрузка жидкостью, гипотензия, 144,0
перегрузка жидкостью, отек, 144,0
перегрузка жидкостью, вздутие живота 144,0
язвенная болезнь желудка, боли в животе, 143,0
язвенная болезнь, парапарез, 143,0
язвенная болезнь, тошнота, 143,0
язвенная болезнь, рвота, 143,0
язвенная болезнь, полимиалгия, 143,0
язвенная болезнь желудка, отдышка, 143,0
язвенная болезнь желудка, боль в груди, 143,0
язвенная болезнь, гемиплегия, 143,0
язва, язвенная болезнь, бульканье, 143,0
язвенная болезнь желудка, голод, 143,0
язва пептическая, апирексиальная, 143,0
язвенная болезнь, нервозность, 143,0
остеомиелит, боль, 142,0
остеомиелит, покраснение, 142,0
остеомиелит, болезненность простаты, 142,0
остеомиелит, лихорадка, 142,0
остеомиелит, затрудненное мочеиспускание, 142,0
остеомиелит болезненный на ощупь, 142,0
остеомиелит, отек, 142,0
остеомиелит апирексиальный 142,0
остеомиелит, эритема, 142,0
остеомиелит, абсцесс бактериальный, 142,0
остеомиелит, боль в стопе, 142,0
остеомиелит, задержка мочеиспускания, 142,0
гастрит, гем положительный, 140,0
гастрит, боли в животе, 140,0
гастрит, рвота, 140,0
гастрит, нарушение равновесия, 140,0
гастрит, тошнота, 140,0
гастрит, интоксикация, 140,0
гастрит, кровотечение, 140,0
гастрит, гваяковый положительный, 140,0
гастрит, боль, 140,0
гастрит, снижение массы тела, 140,0
гастрит, болезненность при прикосновении, 140,0
гастрит, головокружение, 140,0
бактериемия, лихорадка, 142,0
бактериемия, озноб 142,0
бактериемия, гиперемия, 142,0
бактериемия, невосприимчивость, 142,0
бактериемия, безразличное настроение, 142,0
бактериемия, уринома, 142,0
бактериемия, рвота, 142,0
бактериемия, вздутие живота, 142,0
бактериемия, гипоальбуминемия 142,0
бактериемия, пустула, 142,0
бактериемия, простатизм, 142,0
бактериемия, диарея - 142,0
бактериемия, болезненность живота, 142,0
бактериемия, плевритная боль, 142,0
бактериемия, снижение прозрачности 142,0
бактериемия, бледность, 142,0
почечная недостаточность, ортопноэ, 140,0
почечная недостаточность, олигурия, 140,0
почечная недостаточность, замедление мочевыделения, 140,0
почечная недостаточность, крайнее истощение, 140,0
почечная недостаточность, невосприимчивость, 140,0
почечная недостаточность, артериальная гипотензия, 140,0
почечная недостаточность, энурез, 140,0
почечная недостаточность, одышка, 140,0
почечная недостаточность, кровотечение, 140,0
почечная недостаточность, простатизм, 140,0
почечная недостаточность, без изменения статуса, 140,0
почечная недостаточность, прикованный к постели, 140,0
почечная недостаточность, прикованный к постели, 140,0
почечная недостаточность, утомляемость, 140,0
серповидноклеточная анемия, прорывная боль, 140,0
серповидноклеточная анемия, боли в спине, 140,0
серповидноклеточная анемия, боль, 140,0
серповидноклеточная анемия, одышка, 140,0
серповидноклеточная анемия, нюхательный табак, 140,0
серповидноклеточная анемия, боль в груди, 140,0
серповидноклеточная анемия, боли в животе, 140,0
серповидноклеточная анемия, гепатоспленомегалия, 140,0
серповидноклеточная анемия, зеленая мокрота, 140,0
серповидноклеточная анемия, апирексиальная, 140,0
серповидноклеточная анемия, головная боль, 140,0
сердечная недостаточность, ортопноэ, 138,0
сердечная недостаточность, утомляемость, 138,0
сердечная недостаточность, одышка при физической нагрузке 138,0
сердечная недостаточность, одышка, 138,0
сердечная недостаточность, одышка, 138,0
сердечная недостаточность, пансистолический шум, 138,0
сердечная недостаточность, вздутие яремных вен, 138,0
сердечная недостаточность, шум систолического выброса, 138,0
сердечная недостаточность, артериальная гипотензия 138,0
сердечная недостаточность, стенокардия, 138,0
сердечная недостаточность, гипокинезия, 138,0
инфекция верхних дыхательных путей, кашель, 135,0
инфекция верхних дыхательных путей, боль в горле, 135,0
инфекция верхних дыхательных путей, хрипы, 135,0
инфекция верхних дыхательных путей, одышка, 135,0
инфекция верхних дыхательных путей, затрудненное дыхание, 135,0
инфекция верхних дыхательных путей, лихорадка, 135,0
инфекция верхних дыхательных путей, заложенный нос, 135,0
инфекция верхних дыхательных путей, непродуктивный кашель, 135,0
инфекция верхних дыхательных путей, насморк, 135.0
инфекция верхних дыхательных путей, безразличное настроение, 135,0
инфекция верхних дыхательных путей, эгофония, 135,0
инфекция верхних дыхательных путей, лающий кашель, 135,0
инфекция верхних дыхательных путей, полимиалгия, 135,0
инфекция верхних дыхательных путей, плевритная боль, 135,0
инфекция верхних дыхательных путей, ночной пот, 135,0
инфекция верхних дыхательных путей, одышка, 135,0
инфекция верхних дыхательных путей, продуктивный кашель, 135,0
инфекция верхних дыхательных путей, снижение прозрачности, 135,0
инфекция верхних дыхательных путей, хрип, 135,0
инфекция верхних дыхательных путей, учащенное поверхностное дыхание, 135,0
инфекция верхних дыхательных путей, апирексиальная, 135,0
инфекция верхних дыхательных путей, шумное дыхание, 135,0
инфекция верхних дыхательных путей, выделения из носа, 135,0
инфекция верхних дыхательных путей, эмфизематозное изменение, 135,0
инфекция верхних дыхательных путей, ослабленная, 135,0
инфекция верхних дыхательных путей, кистозное поражение, 135,0
инфекция верхних дыхательных путей, факторы, отягчающие симптомы, 135,0
инфекция верхних дыхательных путей, гемодинамически стабильная, 135,0
гепатит, асцит, 133,0
гепатит, самопроизвольный разрыв плодных оболочек, 133,0
гепатит, тахипноэ, 133,0
гепатит, боли в животе, 133,0
гепатит, кожный зуд, 133,0
гепатит, анорексия - 133,0
гепатит, трансаминит, 133,0
гепатит, рвота метательными снарядами, 133,0
гепатит, озноб, 133,0
гепатит, респираторный дистресс, 133,0
гепатит, лихорадка, 133,0
гепатит, рвота, 133,0
легочная гипертензия, одышка, 128,0
легочная гипертензия, линия Стахли, 128,0
легочная гипертензия, тяжелые ноги, 128,0
легочная гипертензия, шумы дыхания уменьшились, 128,0
легочная гипертензия, ригидность шеи, 128,0
легочная гипертензия, одышка при физической нагрузке, 128,0
легочная гипертензия, цианоз 128,0
легочная гипертензия, гипотензия, 128,0
легочная гипертензия, гипертрофия левого предсердия 128,0
нарушение глотания, парестезия, 126,0
нарушение глотания, титубация, 126,0
нарушение глотания, дизартрия, 126,0
нарушение глотания, болезненное глотание, 126,0
нарушение глотания, охриплость голоса 126,0
нарушение глотания, стридор, 126,0
нарушение глотания, спазм, 126,0
нарушение глотания, астения, 126,0
расстройство глотания, дисдиадохокинезия, 126,0
нарушение глотания, атаксия, 126,0
нарушение глотания, ахалазия, 126,0
нарушение глотания, снижение массы тела, 126,0
нарушение глотания, скованность, 126,0
нарушение глотания, поражение, 126,0
нарушение глотания, боль в боку, 126,0
подагра, приливы, 124,0
подагра, боль, 124,0
подагра, покраснение, 124,0
подагра, отек, 124,0
подагра, эритема, 124,0
подагра, эмфизематозное изменение, 124,0
подагра, болезненная на ощупь, 124,0
подагра, гипокинезия, 124,0
подагра, asc
тромбоцитопения, экхимозы, 123,0
тромбоцитопения, моноцитоз, 123,0
тромбоцитопения, задняя ринорея, 123,0
тромбоцитопения, кровотечение, 123,0
тромбоцитопения, тахипноэ, 123,0
тромбоцитопения, лихорадка, 123,0
тромбоцитопения, кожный зуд, 123,0
тромбоцитопения, гипотензия, 123,0
тромбоцитопения, утомляемость, 123,0
гипогликемия, невосприимчивость, 122,0
гипогликемия, «переохлаждение естественное», 122,0
гипогликемия некогерентная 122,0
гипогликемия, удлинение интервала qt, 122,0
гипогликемия, хромота, 122,0
гипогликемия, хромота, 122,0
гипогликемия, бессознательное состояние, 122,0
гипогликемия, липкая кожа, 122,0
гипогликемия, полиурия, 122,0
гипогликемия, респираторный дистресс, 122,0
гипогликемия, гипотензия, 122,0
аспирация пневмонии, смещение средостения, 119,0
аспирация пневмонии, лихорадка, 119,0
аспирация пневмонии, клонус, 119,0
аспирация пневмонии, изменения психического статуса, 119,0
аспирация пневмонии, снижение прозрачности, 119,0
аспирация пневмонии, невосприимчивость, 119,0
аспирация пневмонии, крайнее истощение, 119,0
аспирация пневмонии, ступор, 119,0
аспирация пневмонии, судороги, 119,0
аспирация пневмонии, трансаминит, 119,0
аспирация пневмонии, гемиплегия, 119,0
аспирация пневмонии, кашель, 119,0
аспирация пневмонии, бульканье, 119,0
аспирация пневмонии, боль, 119,0
аспирация пневмонии, диарея, 119,0
аспирация пневмонии, боли в животе, 119,0
колит, лихорадка, 114,0
колит, утолщение, 114,0
колит, зеленая мокрота, 114,0
колит, рвота, 114,0
колит, тошнота и рвота, 114,0
колит, раннее пробуждение, 114,0
колит, боль, 114,0
колит, тошнота, 114,0
колит, озноб, 114,0
колит, тенезмы, 114,0
колит, недержание мочи, 114,0
колит, боли в животе, 114,0
колит, гемодинамически стабильный, 114,0
дивертикулез, фекалурия, 114,0
дивертикулез, запор, 114,0
дивертикулез, абсцесс бактериальный, 114,0
дивертикулез, гем положительный, 114,0
дивертикулез, головокружение, 114,0
дивертикулез, диарея, 114,0
дивертикулез, кровотечение, 114,0
дивертикулез, боль, 114,0
дивертикулез, рвота метательными снарядами, 114,0
дивертикулез, пневмоурия, 114,0
дивертикулез, кистозное поражение, 114,0
дивертикулез, анорексия, 114,0
дивертикулез, тошнота, 114,0
дивертикулез с суицидальными намерениями 114,0
дивертикулез, чувство безнадежности, 114,0
попытка самоубийства, слуховые галлюцинации, 114,0
попытка самоубийства, бессонница, 114,0
попытка самоубийства, самоубийство, 114.0
попытка самоубийства, задержка моторики, 114,0
попытка самоубийства, плаксивость, 114,0
попытка самоубийства, невозможно сконцентрироваться, 114,0
попытка самоубийства, маленький паралич, 114,0
попытка самоубийства, беспокойство, 114,0
попытка самоубийства, переутомление, 114,0
попытка самоубийства, тремор, 114,0
попытка самоубийства, абстинентный алкоголь, 114,0
попытка самоубийства, агитация, 114.0
попытка самоубийства, невосприимчивость, 114,0
попытка самоубийства, затемнение, 114.0
попытка самоубийства, отказ, 114,0
попытка самоубийства, сложность, 114.0
попытка самоубийства, раздражительное настроение, 114,0
попытка самоубийства, сенсорный дискомфорт, 114,0
попытка самоубийства, сонливость, 114,0
попытка самоубийства, ползание мурашек, 114,0
попытка самоубийства, бессознательное состояние, 114.0
попытка самоубийства, лихорадка, 114,0
попытка самоубийства, кашель, 114,0
Pneumocystis carinii pneumonia, желтая мокрота, 113,0
Пневмоцистная пневмония, кахексия, 113,0
Пневмоцистная пневмония, озноб, 113,0
Pneumocystis carinii pneumonia, снижение массы тела, 113,0
Pneumocystis carinii pneumonia, продуктивный кашель, 113,0
Пневмоцистная пневмония, миалгия, 113,0
Пневмоцистная пневмония, диарея - 113,0
Pneumocystis carinii pneumonia, ригидность шеи, 113,0
Pneumocystis carinii pneumonia, отрывистый кашель, 113,0
Pneumocystis carinii, пневмония, диспареуния, 113,0
Пневмоцистная пневмония, гипокалиемия, 113,0
Pneumocystis carinii pneumonia, одышка при физической нагрузке - 113,0
Пневмония Pneumocystis carinii, плохой зубной ряд, 113,0
Пневмоцистная пневмония, трансаминит, 113,0
Pneumocystis carinii pneumonia, непродуктивный кашель, 113,0
Pneumocystis carinii pneumonia, головная боль, 113,0
Пневмоцистная пневмония, гибкая, 113,0
Pneumocystis carinii pneumonia, самопроизвольный разрыв плодных оболочек, 113,0
гепатит B, несоответствующий аффект, 111,0
гепатит В, тахипноэ, 111,0
гепатит В, желтая мокрота, 111,0
гепатит В, рвота метательными снарядами, 111,0
гепатит В, плохое питание, 111,0
гепатит В, боли в животе, 111,0
гепатит B, болезненность живота, 111,0
гепатит B, прикованный к инвалидной коляске, 111,0
гепатит В, стон, 111,0
болезнь паркинсона, ахалазия, 108,0
болезнь Паркинсона, осень, 108,0
болезнь Паркинсона, скованность, 108,0
болезнь паркинсона, синдром отмены, 108,0
болезнь Паркинсона, возбуждение, 108,0
болезнь паркинсона, гемиплегия, 108,0
болезнь Паркинсона, сложность, 108,0
болезнь паркинсона, невосприимчивость, 108,0
болезнь Паркинсона, обморок, 108,0
болезнь Паркинсона, парез лица, 108,0
болезнь Паркинсона, ортостаз, 108,0
болезнь паркинсона, беспокойство, 108,0
болезнь паркинсона, сонливость, 108,0
болезнь Паркинсона, сонливость, 108,0
болезнь паркинсона, гематурия, 108,0
болезнь паркинсона, тремор, 108,0
болезнь паркинсона, ночная потливость, 108,0
болезнь паркинсона, масса строения тела, 108,0 
лимфома, поражение, 105,0
лимфома, лихорадка, 105,0
лимфома, рант, 105,0
лимфома, трансаминит, 105,0
лимфома, снижение массы тела, 105,0
лимфома, атаксия, 105,0
лимфома, шум в ушах, 105,0
лимфома, гидропневмоторакс, 105,0
лимфома, наложение, 105,0
лимфома, кровохарканье, 105,0
лимфома, утомляемость, 105,0
лимфома, усталая, 105,0
лимфома, полидипсия, 105,0
лимфома, затрудненное мочеиспускание, 105,0
гипергликемия, болезненность при прикосновении, 104,0
гипергликемия, кожный зуд, 104,0
гипергликемия, странное самочувствие, 104,0
гипергликемия, пустула, 104,0
гипергликемия, кушингоидная фация, 104,0
гипергликемия, кушингоидный габитус, 104,0
гипергликемия, снижение массы тела, 104,0
гипергликемия, подавленное настроение, 104,0
гипергликемия, употребление эстрогенов, 104,0
гипергликемия, хрипы, 104,0
гипергликемия, асцит, 104,0
гипергликемия, судороги, 104,0
энцефалопатия, несогласованность, 103,0
энцефалопатия, астериксис, 103,0
энцефалопатия, кровотечение, 103,0
энцефалопатия, сонливость, 103,0
энцефалопатия, сонливость, 103,0
энцефалопатия, обнаружение абсансов, 103,0
энцефалопатия, позы, 103,0
энцефалопатия, аура, 103.0
энцефалопатия, тонические припадки, 103,0
энцефалопатия, истощение, 103,0
энцефалопатия, сознание ясное, 103,0
энцефалопатия, невосприимчивость, 103,0
энцефалопатия, утолщение, 103,0
энцефалопатия, гипокинезия, 103,0
недостаточность трехстворчатого клапана, одышка, 101,0
недостаточность трехстворчатого клапана, боль, 101,0
недостаточность трехстворчатого клапана, рвота, 101,0
недостаточность трикуспидального клапана, тошнота, 101,0
недостаточность трехстворчатого клапана, брадикардия, 101,0
недостаточность трехстворчатого клапана, боли в животе, 101,0
недостаточность трехстворчатого клапана, лихорадка, 101,0
недостаточность трехстворчатого клапана, рубцевание, 101,0
недостаточность трехстворчатого клапана, смещение средостения, 101,0
недостаточность трехстворчатого клапана, когнитивные нарушения, 101,0
Болезнь Альцгеймера, слюни, 101,0
Болезнь Альцгеймера, возбуждение, 101,0
Болезнь Альцгеймера, кошмар, 101,0
Болезнь Альцгеймера, хрип, 101,0
Болезнь Альцгеймера, сознание ясное, 101,0
Болезнь Альцгеймера, точечные зрачки, 101,0
Болезнь Альцгеймера, прикованный к постели, 101,0
Болезнь Альцгеймера, прикованный к постели, 101,0
Болезнь Альцгеймера, ослабленная, 101,0
Болезнь Альцгеймера, тремор в покое, 101,0
Болезнь Альцгеймера, гиперкалиемия, 101,0
Болезнь Альцгеймера, парез лица, 101,0
Болезнь Альцгеймера, слабость, 101,0
Болезнь Альцгеймера, мышечные подергивания, 101,0
Болезнь Альцгеймера, прикованный к инвалидному креслу, 101,0
Болезнь Альцгеймера, тремор, 101,0
Болезнь Альцгеймера, кашель, 101,0
Болезнь Альцгеймера, лихорадка, 101,0
кандидоз, диарея, 99,0
кандидоз, ангина, 99,0
кандидоз, снижение массы тела, 99,0
кандидоз, озноб, 99,0
кандидоз, головная боль, 99,0
кандидоз, болезненность живота, 99,0
кандидоз, несоблюдение пациентом режима лечения 99,0
кандидоз, светобоязнь, 99,0
кандидоз, ночная потливость, 99,0
кандидоз, болезненное глотание, 99,0
кандидоз, плохой прикус, 99,0
кандидоз, трансаминит, 99,0
кандидоз, непродуктивный кашель, 99,0
кандидоз, побочная реакция, 99,0
кандидоз, побочные эффекты, 99,0
кандидоз, вздутие живота, 99,0
кандидоз полости рта, диарея, 99,0
кандидоз полости рта, боль в горле, 99,0
кандидоз полости рта, снижение массы тела, 99,0
кандидоз полости рта, озноб, 99,0
кандидоз полости рта, головная боль, 99,0
кандидоз полости рта, болезненность живота, 99,0
кандидоз полости рта, несоблюдение пациентом режима лечения 99,0
кандидоз полости рта, светобоязнь, 99,0
кандидоз полости рта, ночная потливость, 99,0
кандидоз полости рта, болезненное глотание, 99,0
кандидоз полости рта, плохой прикус, 99,0
кандидоз полости рта, трансаминит, 99,0
кандидоз полости рта, непродуктивный кашель, 99,0
кандидоз полости рта, побочная реакция, 99,0
кандидоз полости рта, побочные эффекты, 99,0
кандидоз полости рта, вздутие живота, 99,0
невропатия, астения, 99,0
невропатия, онемение, 99,0
невропатия, тошнота и рвота, 99,0
невропатия, раннее пробуждение, 99,0
невропатия, гидропневмоторакс, 99,0
невропатия, наложение, 99,0
невропатия, утомляемость, 99,0
невропатия, тенезмы, 99,0
невропатия, боль, 99,0
невропатия, замедление мочеиспускания, 99,0
заболевание почек, одышка 96,0
заболевание почек, гиперкалиемия 96,0
заболевание почек, боль в груди, 96,0
заболевание почек, лихорадка, 96,0
заболевание почек, беременность 0,96,0
заболевание почек, кровотечение из влагалища 96,0
фиброидная опухоль, пункт 2,96.0
фиброидная опухоль, кровотечение 96,0
фиброидная опухоль, аборт, 96,0
фиброзная опухоль, сильное межменструальное кровотечение 96,0
фиброидная опухоль, мышечная гипотония, 96,0
фиброидная опухоль, гипотоническая, 96,0
фиброидная опухоль, предыдущая беременность 2,96,0
фиброидная опухоль, одышка 96,0
фиброидная опухоль, лихорадка, 96,0
фиброидная опухоль, изжога, 96,0
фиброидная опухоль, первородящая, 96,0
фиброидная опухоль, аномально твердой консистенции, 96,0
фиброидная опухоль, протеинемия 96,0 
глаукома, осень, 95,0
глаукома, вздутие живота, 95,0
глаукома, шаткая походка, 95,0
глаукома, парестезия, 95,0
глаукома, гипонатриемия, 95,0
глаукома, возбуждение, 95,0
глаукома, без сознания, 95,0
глаукома, ощущение жжения, 95,0
глаукома, поражение, 95,0
глаукома, масса тела, 95,0
метастаз новообразования, утолщение, 94,0
метастазы новообразования, инвазия опухолевых клеток, 94,0
метастаз новообразования, метастатическое поражение, 94,0
метастаз новообразования, боль в шее, 94,0
метастаз новообразования, узелок в легком, 94,0
метастазы новообразования, боль, 94,0
метастаз новообразования, боли в животе 94,0
метастазирование новообразования, пищевая непереносимость 94,0
метастаз новообразования, масса тела 94,0
метастаз новообразования, атипия, 94,0
злокачественная опухоль толстой кишки, очаг поражения 94,0
злокачественная опухоль толстой кишки, простатизм 94,0
злокачественная опухоль толстой кишки, запор, 94,0
злокачественная опухоль толстой кишки, общий дискомфорт, 94,0
злокачественная опухоль толстой кишки, диарея 94,0
злокачественная опухоль толстой кишки, боли в животе, 94,0
злокачественная опухоль толстой кишки, задержка мочеиспускания, 94,0
злокачественная опухоль толстой кишки, приступы головокружения 94,0
злокачественная опухоль толстой кишки, стреляющая боль, 94,0
злокачественная опухоль толстой кишки, брадикардия, 94,0
злокачественная опухоль толстой кишки, рвота, 94,0
злокачественная опухоль толстой кишки, шум систолического выброса, 94,0
злокачественная опухоль толстой кишки, тошнота, 94,0
злокачественная опухоль толстой кишки, гиперемезис, 94,0
злокачественная опухоль толстой кишки, полидипсия, 94,0
карцинома толстой кишки, поражение, 94,0
карцинома толстой кишки, простатизм, 94,0
карцинома толстой кишки, запор, 94,0
карцинома толстой кишки, общий дискомфорт, 94,0
карцинома толстой кишки, диарея, 94,0
карцинома толстой кишки, боли в животе, 94,0
карцинома толстой кишки, задержка мочеиспускания, 94,0
карцинома толстой кишки, приступы головокружения, 94,0
рак толстой кишки, стреляющая боль, 94,0
карцинома толстой кишки, брадикардия, 94,0
карцинома толстой кишки, рвота, 94,0
карцинома толстой кишки, шум систолического выброса, 94,0
карцинома толстой кишки, тошнота, 94,0
карцинома толстой кишки, гиперемезис, 94,0
карцинома ободочной кишки, полидипсия, 94,0
кетоацидоз, диабетический, полиурия, 93,0
кетоацидоз, диабет, рвота, 93,0
кетоацидоз, диабет, тошнота, 93,0
кетоацидоз диабетический, боли в животе, 93,0
кетоацидоз диабетический, молочный, 93,0
диабетический кетоацидоз, странное самочувствие, 93,0
кетоацидоз диабетический, бульканье, 93,0
кетоацидоз, диабет, нервозность, 93,0
кетоацидоз, диабет, болезненность живота, 93,0
кетоацидоз, диабет, срыгивание после глотания, 93,0
кетоацидоз, диабет, зрение нечеткое, 93,0
кетоацидоз, диабет, задержка мочеиспускания, 93,0
кетоацидоз, диабет, диарея, 93,0
кетоацидоз диабетический, судорожный, 93,0
кетоацидоз диабетический, аура, 93,0
тонико-клоническая эпилепсия, сонливость, 92,0
тонико-клоническая эпилепсия, похабывание губ, 92,0
тонико-клоническая эпилепсия, миоклонус, 92,0
тонико-клоническая эпилепсия, тремор, 92,0
тонико-клоническая эпилепсия, фонофобия, 92,0
тонико-клоническая эпилепсия, закатывание глаз, 92,0
тонико-клоническая эпилепсия, сонливость, 92,0
тонико-клоническая эпилепсия, гирсутизм, 92,0
тонико-клоническая эпилепсия, капризная, 92,0
тонико-клоническая эпилепсия, мышечные судороги, 92,0
тонико-клоническая эпилепсия, невосприимчивость, 92,0
тонико-клоническая эпилепсия, головная боль, 92,0
тонико-клоническая эпилепсия, двусторонняя, 92,0
тонико-клоническая эпилепсия, обнаружение абсансов, 92,0
тонико-клоническая эпилепсия, спазм, 92,0
тонико-клоническая эпилепсия, снижение массы тела, 92,0
тонико-клоническая эпилепсия, инвазия опухолевых клеток, 92,0
тонико-клонические судороги, сонливость 92,0
тонико-клонические судороги, причмокивание губ, 92,0
тонико-клонические припадки, миоклонус, 92,0
тонико-клонические судороги, тремор, 92,0
тонико-клонические припадки, фонофобия, 92,0
тонико-клонические припадки, закатывание глаз 92,0
тонико-клонические судороги, сонливость, 92,0
тонико-клонические припадки, гирсутизм, 92,0
тонико-клонические припадки, капризные, 92,0
тонико-клонические судороги, мышечные судороги, 92,0
тонико-клонические судороги, невосприимчивость, 92,0
тонико-клонические припадки, головная боль 92,0
тонико-клонические припадки, двусторонняя, 92,0
тонико-клонические припадки, обнаружение абсансов, 92,0
тонико-клонические судороги, спазм, 92,0
тонико-клонические приступы, снижение массы тела 92,0
тонико-клонические припадки, инвазия опухолевых клеток, 92,0
злокачественные новообразования, парадоксальный пульс, 90,0
злокачественные новообразования беременных 10,90,0
злокачественные новообразования, масса тела 90,0
злокачественные новообразования, поражение, 90,0
злокачественные новообразования, изжога, 90,0
злокачественные новообразования, ночной пот, 90,0
злокачественные новообразования, утолщение, 90,0
злокачественные новообразования, озноб, 90,0
злокачественные новообразования, снижение полупрозрачности, 90,0
злокачественные новообразования, боли в животе, 90,0
злокачественные новообразования, тупость, 90,0
злокачественные новообразования, пищевая непереносимость 90,0
злокачественные новообразования, респираторный дистресс, 90,0
злокачественные новообразования, гипотония, 90,0
дыхательная недостаточность, гемиплегия, 90,0
дыхательная недостаточность, храп, 90,0
дыхательная недостаточность, невосприимчивость, 90,0
дыхательная недостаточность, продуктивный кашель, 90,0
дыхательная недостаточность, одышка, 90,0
дыхательная недостаточность, тахипноэ, 90,0
дыхательная недостаточность, гиперкалиемия, 90,0
дыхательная недостаточность, гипокинезия, 90,0
дыхательная недостаточность, ритм синусовый, 90,0
дыхательная недостаточность, общая неустойчивость, 90,0
дыхательная недостаточность, шум, 90,0
дыхательная недостаточность, сознание ясное, 90,0
дыхательная недостаточность, одышка, 90,0
дыхательная недостаточность, поражение, 90,0
дыхательная недостаточность, покраснение, 90,0
меланома, масса строения тела, 87,0
меланома, парапарез, 87,0
меланома, лихорадка, 87,0
меланома беременная 0,87,0
меланома, боль, 87,0
меланома, кожный зуд, 87,0
меланома, образование в груди, 87,0
меланома, рвота, 87,0
меланома, диарея, 87,0
гастроэнтерит, боли в животе, 87,0
гастроэнтерит, задержка дыхания, 87,0
гастроэнтерит, тошнота, 87,0
гастроэнтерит, снижение массы тела 87,0
гастроэнтерит, болезненность при прикосновении, 87,0
гастроэнтерит, желтуха склеры, 87,0
гастроэнтерит, лихорадка, 87,0
гастроэнтерит, миалгия 87,0
гастроэнтерит, гипонатриемия 87,0
гастроэнтерит, рвота, 87,0
гастроэнтерит, масса строения тела, 87,0
гастроэнтерит, снижение массы тела 87,0
злокачественное новообразование легкого, очаг поражения 86,0
злокачественное новообразование легкого, кашель, 86,0
злокачественное новообразование легкого, узелок в легком 86,0
злокачественное новообразование легкого, одышка 86,0
злокачественное новообразование легкого, кровохарканье 86,0
злокачественное новообразование легкого, истощение, 86,0
злокачественное новообразование легкого, бульканье, 86,0
злокачественное новообразование легкого, боль 86,0
злокачественное новообразование легкого, хрип 86,0
злокачественное новообразование легкого, ночной пот, 86,0
злокачественное новообразование легкого, снижение прозрачности, 86,0
злокачественное новообразование легкого, астения, 86,0
злокачественное новообразование легкого, метастатическое поражение, 86,0
злокачественное новообразование легкого, возбуждение, 86,0
злокачественное новообразование легкого, раздражительное настроение, 86,0
карцинома легкого, поражение, 86,0
рак легкого, кашель, 86,0
рак легкого, узелок в легком, 86,0
рак легкого, одышка, 86,0
рак легкого, кровохарканье, 86,0
рак легкого, истощение, 86,0
рак легкого, бульканье, 86,0
рак легкого, боль, 86,0
рак легкого, хрипы, 86,0
рак легкого, ночная потливость, 86,0
карцинома легкого, пониженная прозрачность, 86,0
рак легкого, астения, 86,0
рак легкого, метастатическое поражение, 86,0
рак легкого, возбуждение, 86,0
рак легкого, раздражительное настроение, 86,0
маниакальное расстройство, повышенная энергия, 85,0
маниакальное расстройство, суицидальное состояние, 85,0
маниакальное расстройство, гиперсомния, 85,0
маниакальное расстройство, суицидальные настроения, 85,0
маниакальное расстройство, бланш, 85,0
маниакальное расстройство, слуховые галлюцинации, 85,0
маниакальное расстройство, зрительные галлюцинации, 85,0
маниакальное расстройство, приподнятость, 85,0
маниакальное расстройство, вербальные слуховые галлюцинации, 85,0
маниакальное расстройство, чувство безнадежности, 85,0
маниакальное расстройство, сложность, 85,0
маниакальное расстройство, декомпенсация, 85,0
маниакальное расстройство, словесно оскорбительное поведение, 85,0
маниакальное расстройство, суицидальное состояние, 85,0
маниакальное расстройство, суицидальные настроения, 85,0
расстройство личности, кошмар, 84,0
расстройство личности, чувство безнадежности, 84,0
расстройство личности, транссексуал, 84,0
расстройство личности, слуховые галлюцинации, 84,0
расстройство личности, раздражительное настроение, 84,0
расстройство личности, бессонница, 84,0
расстройство личности, возбуждение, 84,0
расстройство личности, плаксивость, 84,0
расстройство личности, депрессивное настроение, 84,0
расстройство личности, царапины, 84,0
расстройство личности, тошнота и рвота, 84,0
расстройство личности, крайнее истощение, 84,0
расстройство личности, боль в боку, 84,0
расстройство личности, беспокойство, 84,0
расстройство личности, энурез, 84,0
расстройство личности, бездомность, 84,0
расстройство личности, нервозность, 84,0
расстройство личности, асцит, 84,0
расстройство личности, кожный зуд, 84,0
первичный рак клеток печени, масса строения тела 82,0
первичный рак клеток печени, спленомегалия, 82,0
первичный рак клеток печени, поражение, 82,0
первичный рак клеток печени, парез 82,0
первичный рак клеток печени, инвазия опухолевых клеток, 82,0
первичный рак клеток печени, комнатный прядильный, 82,0
первичный рак клеток печени, кровотечение 82,0
первичный рак клеток печени, утолщение, 82,0
первичный рак клеток печени, безразличное настроение, 82,0
первичный рак клеток печени, кахексия, 82,0
первичный рак клеток печени, «переохлаждение естественное», 82,0
первичный рак клеток печени, боли в животе, 82,0
первичный рак клеток печени, гепатомегалия 82,0
первичный рак клеток печени, гематокрит снизился 82,0
первичный рак клеток печени, ступор, 82,0
первичный рак клеток печени, снижение массы тела 82,0
первичный рак клеток печени, одышка 82,0
первичный рак клеток печени, кашель 82,0
эмфизема легких, поведение, демонстрирующее повышенную двигательную активность, 80,0
эмфизема легких, рубцовая ткань, 80,0
эмфизема легких, одышка при физической нагрузке, 80,0
эмфизема легких, нарушение координации, 80,0
эмфизема легких, миалгия 80,0
эмфизема легких, гиперкапния, 80,0
эмфизема легких, липкая кожа, 80,0
эмфизема легких, имеет религиозные убеждения, 80,0
эмфизема легких, комнатное вращение, 80,0
эмфизема легких, стон, 80,0
эмфизема легких, ночная потливость, 80,0
эмфизема легких, кахексия, 80,0
эмфизема легких, факторы, отягчающие симптомы, 80,0
эмфизема легких, одышка, 80,0
эмфизема легких, хрипы, 80,0
эмфизема легких, гиперемия, 80,0
эмфизема легких, болезненное глотание, 80,0
эмфизема легких, артралгия, 80,0
эмфизема легких, удушье, 80,0
эмфизема легких, тенезмы, 80,0
эмфизема легких, запор, 80,0
геморрой, кровотечение 80,0
геморрой, кишечные шумы понизились, 80,0
геморрой, стул заниженный, 80,0
геморрой, тошнота и рвота, 80,0
геморрой, голод, 80,0
геморрой, диарея - 80,0
геморрой, головокружение, 80,0
геморрой, гипонатриемия, 80,0
геморрой, клонус, 80,0
геморрой, боль, 80,0
геморрой, ахалазия, 80,0
геморрой, жжение, 80,0
геморрой, гваяковый положительный, 80,0
геморрой, онемение кисти, 80,0
геморрой, хрипы, 80,0
геморрой, кашель, 80,0
спазм бронхов, одышка, 76,0
спазм бронхов, рубцовой ткани, 76,0
спазм бронхов, апирексиальный, 76,0
спазм бронхов, лекарственная аллергия неизвестна, 76,0
спазм бронхов, боль, 76,0
спазм бронхов, продуктивный кашель, 76,0
спазм бронхов, боль в горле, 76,0
спазм бронхов, одышка, 76,0
спазм бронхов, стеснение в груди, 76,0
спазм бронхов, гипоксемия 76,0
спазм бронхов, тахипноэ 76,0
спазм бронхов, сенсорный дискомфорт, 76,0
спазм бронхов, лихорадка, 76,0
спазм бронхов, рвота, 76,0
спазм бронхов, хрипы, 76,0
спазм бронхов, гемиплегия, 76,0
спазм бронхов, фремитус, 76,0
афазия, клонус, 76,0
афазия, эгофония, 76,0
афазия, парез лица, 76,0
афазия, афагия - 76,0
афазия, мышечные подергивания, 76,0
афазия, паралич 76,0
афазия, остеохондроз 76,0
афазия, чарлихорс, 76,0
ожирение патологическое, одышка, 76,0
ожирение патологическое, малоподвижное, 76,0
патологическое ожирение, стенокардия, 76,0
ожирение патологическое, кашель, 76,0
ожирение патологическое, недовольное, 76,0
ожирение патологическое, затрудненное дыхание, 76,0
ожирение патологическое, «переохлаждение естественное», 76,0
морбидное ожирение, одышка - 76,0
ожирение патологическое, гематокрит снизился 76,0
ожирение патологическое, хрипы, 76,0
морбидное ожирение, гипоксемия - 76,0
морбидное ожирение, болезненность почечного угла, 76,0
патологическое ожирение, ощущение жара / лихорадки, 76,0
пиелонефрит, лихорадка, 74,0
пиелонефрит, боль, 74,0
пиелонефрит, позывы к мочеиспусканию, 74,0
пиелонефрит, гематурия, 74,0
пиелонефрит, рвота, 74,0
пиелонефрит, озноб, 74,0
пиелонефрит, диарея, 74,0
пиелонефрит, тошнота, 74,0
пиелонефрит, боли в животе, 74,0
пиелонефрит, миалгия 74,0
пиелонефрит, лихорадка, 74,0
пиелонефрит, озноб, 74,0
эндокардит, плевритная боль, 71,0
эндокардит утолщение, 71,0
эндокардит, миалгия, 71,0
эндокардит, апирексиальный, 71,0
эндокардит, ночная потливость, 71,0
эндокардит, обострение, 71,0
эндокардит, одышка, 71,0
эндокардит, ортопноэ, 71,0
эндокардит, абсцесс бактериальный, 71,0
эндокардит, гипотензия, 71,0
эндокардит, кашель, 71,0
эндокардит, метастатическое поражение, 71,0
эндокардит, шумы дыхания уменьшились, 71,0
эндокардит, снижение массы тела, 71,0
эндокардит, снижение массы тела, 71,0
эндокардит, парадоксальный пульс, 71,0
эндокардит, гипокинезия, 71,0
выпот в перикард, трение перикарда руб, 71,0
выпот в перикарде, одышка, 71,0
выпот в перикарде, одышка, 71,0
выпот перикардиальный, гемодинамически стабильный, 71,0
выпот в перикард, кардиомегалия, 71,0
выпот перикарда, гипотензия, 71,0
выпот перикардиальный, мокрота гнойная, 71,0
выпот перикарда, парез лица, 71,0
выпот в перикард, боль, 71,0
выпот перикарда, олигурия, 71,0
выпот в перикард, затемнение, 71,0
выпот перикарда, интоксикация, 71,0
выпот в перикард вещество тела, трение перикарда руб, 71,0
перикардиальный выпот, субстанция тела, одышка, 71,0
перикардиальный выпот, субстанция тела, одышка, 71,0
вещество тела перикардиального выпота, гемодинамически стабильное, 71,0
субстанция тела перикардиального выпота, кардиомегалия, 71,0
субстанция тела перикардиального выпота, гипотензия, 71,0
перикардиальный выпот субстанция тела, мокрота гнойная, 71,0
перикардиальный выпот, субстанция тела, парез лица, 71,0
перикардиальный выпот, субстанция тела, боль, 71,0
субстанция тела перикардиального выпота, олигурия, 71,0
субстанция тела перикардиального выпота, затемнение, 71,0
перикардиальный выпот субстанция тела, интоксикация, 71,0
хроническое алкогольное опьянение, тремор, 70,0
хроническое алкогольное опьянение, слуховые галлюцинации, 70,0
хроническая алкогольная интоксикация, суицидальная, 70,0
хроническое алкогольное опьянение, клад, 70,0
хроническое алкогольное опьянение, раздражительное настроение, 70,0
хроническое алкогольное опьянение, чувство безнадежности, 70,0
хроническое алкогольное опьянение, суицидальное чувство, 70,0
хроническое алкогольное опьянение, неологизм, 70,0
хроническое алкогольное опьянение, судороги 70,0
хроническое алкогольное опьянение, бездомность, 70,0
хроническое алкогольное опьянение, бессонница, 70,0
хроническое алкогольное опьянение, бессознательное состояние, 70,0
хроническое алкогольное опьянение, паника, 70,0
хроническое алкогольное опьянение, шумы дыхания уменьшились, 70,0
хроническое алкогольное опьянение, одышка, 70,0
пневмоторакс, одышка, 68,0
пневмоторакс, сердечно-сосудистые заболевания, 68,0
пневмоторакс, сердечно-сосудистое событие, 68,0
пневмоторакс, кровохарканье, 68,0
пневмоторакс, кашель, 68,0
пневмоторакс, гиперкапния, 68,0
пневмоторакс, отек мягких тканей, 68,0
пневмоторакс, простатизм, 68,0
пневмоторакс, возбуждение, 68,0 
бред, походка шаткая, 68,0
бред, отказ, 68,0
делирий, гипонатриемия, 68,0
бред, словесно оскорбительное поведение, 68,0
делирий, суицидальные настроения, 68,0
бред, невосприимчивость, 68,0
бред, беспокойство, 68,0
бред, сонливость, 68,0
бред, сонливость, 68,0
бред, слуховые галлюцинации, 68,0
делирий, суицидальный, 68,0
делирий, лихорадка, 68,0
делирий, диарея, 68,0
нейтропения, трансаминит, 68,0
нейтропения, спленомегалия, 68,0
нейтропения, ночная потливость, 68,0
нейтропения, апирексиальная, 68,0
нейтропения, поражение, 68,0
нейтропения, насморк, 68,0
нейтропения, озноб 68,0
нейтропения, кашель, 68,0
нейтропения, моноклональная, 68,0
нейтропения, результат гипокальциемии, 68,0
нейтропения, олигурия, 68,0
нейтропения, резус-положительный результат, 68,0
нейтропения, респираторный дистресс, 68,0
гипербилирубинемия, цианоз, 68,0
гипербилирубинемия, тахипноэ, 68,0
гипербилирубинемия, пункт 1,68.0
гипербилирубинемия, брадикардия, 68,0
гипербилирубинемия, тазовое предлежание, 68,0
гипербилирубинемия, кушингоидная фация, 68,0
гипербилирубинемия, кушингоидный габитус, 68,0
гипербилирубинемия, кашель, 68,0
гипербилирубинемия, миалгия, 68,0
грипп, несогласованность, 68.0
грипп, лихорадка, 68,0
грипп, плевритная боль, 68,0
грипп, нюхательный, 68,0
грипп, ангина, 68,0
грипп, недомогание, 68,0
грипп, истощение, 68,0
грипп, факторы, отягчающие симптомы, 68,0
грипп, озноб, 68,0
грипп, желтуха склеры, 68,0
грипп, расширение носа, 68,0
грипп, дизурия, 68,0
грипп, причмокивание губ, 68,0
грипп, головная боль, 68,0
грипп, чихание, 68,0
грипп, храп, 68,0
грипп, зеленая мокрота, 68,0
грипп, одышка, 68,0
грипп, респираторный дистресс, 68,0
грипп, затемнение, 68,0
грипп, крайнее истощение, 68,0
зависимость, интоксикация, 67,0
зависимость, тремор, 67,0
зависимость, возбуждение, 67.0
зависимость, суицидальная, 67,0
зависимость, бездомность, 67,0
зависимость, простатизм, 67,0
зависимость, вялость, 67,0
зависимость, припадок, 67,0
зависимость, мышечные подергивания, 67,0
зависимость, заложенный нос, 67,0
зависимость, чувство безнадежности, 67,0
зависимость, тяжелые ноги, 67,0
зависимость, rale, 67.0
тромб, гипокинезия, 67,0
тромб, анорексия, 67,0
тромб, гипертонус, 67,0
тромб, одышка, 67,0
тромб, гипоальбуминемия, 67,0
тромб, кожный зуд, 67,0
тромб болезненный при прикосновении, 67,0
тромб, гемодинамически стабильный, 67,0
тромб, парез лица, 67,0
тромб, рвота, 67,0
тромб, цвет стула желтый, 67,0
холецистит, стон, 66,0
холецистит, тошнота, 66,0
холецистит, боли в животе, 66,0
холецистит, симптом Мерфи, 66,0
холецистит, метеоризм, 66,0
холецистит, колики брюшные, 66,0
холецистит, боль, 66,0
холецистит, асцит, 66,0
холецистит, диарея, 66,0
холецистит, удлинение интервала qt, 66,0
холецистит, сердечно-сосудистые заболевания, 66,0
холецистит, сердечно-сосудистое событие, 66,0
холецистит, вялый, 66,0
холецистит, ритм синусовый, 66,0
холецистит, затрудненное дыхание, 66,0
холецистит, запор, 66,0
холецистит, кал в прямой кишке, 66,0
холецистит, аномально твердой консистенции, 66,0
грыжа пищеводного отверстия диафрагмы, боли в животе, 61,0
грыжа пищеводного отверстия диафрагмы, утомляемость, 61,0
грыжа пищеводного отверстия диафрагмы, продромальный период, 61,0
грыжа пищеводного отверстия диафрагмы, рвота, 61,0
грыжа пищеводного отверстия диафрагмы, тошнота, 61,0
грыжа пищеводного отверстия диафрагмы, миалгия, 61,0
грыжа пищеводного отверстия диафрагмы, гипонатриемия, 61,0
грыжа пищеводного отверстия диафрагмы, болезненность при прикосновении, 61,0
грыжа пищеводного отверстия диафрагмы, общий дискомфорт, 61,0
грыжа пищеводного отверстия диафрагмы, одышка при физической нагрузке, 61,0
грыжа пищеводного отверстия диафрагмы, астериксис, 61,0
грыжа пищеводного отверстия диафрагмы, гваяковый положительный, 61,0
грыжа пищеводного отверстия диафрагмы, онемение кисти, 61,0
грыжа пищеводного отверстия диафрагмы, головная боль, 61,0
грыжа пищеводного отверстия диафрагмы, светобоязнь, 61,0
мигрени, амбидекстры, 61,0
мигрень, рвота, 61,0
мигрени, головокружения 61,0
мигрени, онемение, 61,0
мигрень, тошнота, 61,0
мигрени, лихорадка, 61,0
мигрень, спленомегалия, 61,0
панцитопения, гипопротеинемия, 61,0
панцитопения, утомляемость, 61,0
панцитопения, кровотечение 61,0
панцитопения, утомляемость, 61,0
панцитопения, кушингоидная фация, 61,0
панцитопения, кушингоидный габитус, 61,0
панцитопения, цвет стула желтый, 61,0
панцитопения, абдоминальные колики, 61,0
желчекаменная болезнь, рвота, 61,0
желчекаменная болезнь, тошнота - 61,0
желчекаменная болезнь, боли в животе, 61,0
желчнокаменная болезнь, болевой синдром, 61,0
холелитиаз, кушингоидная фация, 61,0
холелитиаз, кушингоидный габитус, 61,0
холелитиаз, асцит, 61,0
желчнокаменная болезнь, утолщение, 61,0
холелитиаз болезненный на ощупь 61,0
желчнокаменная болезнь, диарея - 61,0
желчекаменная болезнь, апирексиальная, 61,0
желчекаменная болезнь, сердцебиение, 61,0
желчный камень, рвота 61,0
желчный камень, тошнота, 61,0
желчный камень, боли в животе, 61,0
желчный камень, боль, 61,0
желчный камень, кушингоидная фация, 61,0
желчный камень, кушингоидный габитус, 61,0
желчный камень, асцит, 61,0
желчный камень утолщенный 61,0
желчный камень, болезненный на ощупь, 61,0
желчный камень, диарея, 61,0
желчный камень, апирексиальный, 61,0
желчный камень, сердцебиение, 61,0
тахикардия синусовая, гипертрофия левого предсердия 56,0
тахикардия синусовая, пот 56,0
тахикардия синусовая, потоотделение повышено, 56,0
тахикардия синусовая, эпизод алкогольного запоя 56,0
тахикардия синусовая, сдавливание грудной клетки, 56,0
тахикардия синусовая, рубцовая ткань, 56,0
синусовая тахикардия, сердечно-сосудистые заболевания, 56,0
тахикардия синусовая, сердечно-сосудистое событие, 56,0
тахикардия синусовая, ортостаз, 56,0
тахикардия синусовая, одышка 56,0
тахикардия синусовая, зубец t перевернутый, 56,0
тахикардия синусовая, рвота 56,0
тахикардия синусовая, боли в животе, 56,0
кишечная непроходимость, бактериальный абсцесс, 56,0
кишечная непроходимость брюшной полости острая, 56,0
кишечная непроходимость, воздух, уровень жидкости, 56,0
кишечная непроходимость, задержка дыхания, 56,0
кишечная непроходимость, болезненность в животе, 56,0
кишечная непроходимость, тошнота, 56,0
кишечная непроходимость, болезненность при прикосновении, 56,0
кишечная непроходимость, метеоризм, 56,0
кишечная непроходимость, диарея, 56,0
кишечная непроходимость, масса строения тела, 56,0
кишечная непроходимость, апирексиальная, 56,0
кишечная непроходимость, запор, 56,0
кишечная непроходимость, утолщение, 56,0
кишечная непроходимость беременных 0,56,0
кишечная непроходимость, боли в животе, 56,0
спаечный процесс, метеоризм, 57,0
спаечный процесс, боль, 57,0
спаечный процесс, крупный для финикового плода, 57,0
адгезия, пункт 1,57.0
спаечный процесс, рвота, 57,0
адгезия, узелок в легком, 57,0
адгезия, тазовое предлежание, 57,0
спаечный процесс, одышка, 57,0
адгезия, снижение массы тела, 57,0
адгезия, неподвижная, 57,0
спаечность, походка неустойчивая, 57,0
адгезия, галлюцинации зрительные, 57,0
адгезия, суицидальное чувство, 57,0
заблуждение, свободные ассоциации, 56,0
заблуждение, головокружение, 56,0
заблуждение, чувство безнадежности, 56,0
заблуждение, возбуждение, 56,0
бред, слуховые галлюцинации, 56,0
заблуждение, раздражительное настроение, 56,0
заблуждение, бессонница, 56,0
заблуждение, неологизм, 56,0
заблуждение, мысли об убийстве, 56,0
заблуждение, неблагополучная семья, 56,0
заблуждение, беспокойство, 56,0
заблуждение, декомпенсация, 56,0
заблуждение, словесно оскорбительное поведение, 56,0
заблуждение, кататония, 56,0
заблуждение, суицидальное поведение, 56,0
заблуждение, ужас, 56,0
заблуждение, затемнение, 56,0
заблуждение, плаксивость, 56,0
заблуждение, нарушение познания, 56,0
заблуждение, раздражительное настроение, 56,0
заблуждение, возбуждение, 56,0
аффект лабильный, крайнее истощение, 45,0
влияет на лабильность, бессонницу, 45,0
аффект лабильный, энурез, 45,0
влияют на лабильность, несоблюдение пациентом режима лечения, 45,0
влияет на лабильность, чувство безнадежности, 45,0
аффект лабильный, галлюцинации зрительные, 45,0
аффект лабильный, прикованный к постели, 45,0
аффект лабильный, прикованный к постели, 45,0
влияют на лабильность, простатизм, 45,0
пролежневая язва, систолический шум, 42,0
пролежневая язва, ослабленная, 42,0
пролежневая язва, лихорадка, 42,0
пролежневая язва, лихорадка, 42,0 
